,track,year,month,day
0,AQU,2015,01,01
1,AQU,2015,01,02
2,AQU,2015,01,03
3,AQU,2015,01,04
4,AQU,2015,01,09
5,AQU,2015,01,11
6,AQU,2015,01,15
7,AQU,2015,01,16
8,AQU,2015,01,17
9,AQU,2015,01,18
10,AQU,2015,01,19
11,AQU,2015,01,22
12,AQU,2015,01,23
13,AQU,2015,01,25
14,AQU,2015,01,29
15,AQU,2015,01,30
16,AQU,2015,02,01
17,AQU,2015,02,05
18,AQU,2015,02,06
19,AQU,2015,02,07
20,AQU,2015,02,08
21,AQU,2015,02,11
22,AQU,2015,02,12
23,AQU,2015,02,14
24,AQU,2015,02,21
25,AQU,2015,02,22
26,AQU,2015,02,26
27,AQU,2015,02,27
28,AQU,2015,02,28
29,AQU,2015,03,01
30,AQU,2015,03,07
31,AQU,2015,03,08
32,AQU,2015,03,12
33,AQU,2015,03,13
34,AQU,2015,03,14
35,AQU,2015,03,15
36,AQU,2015,03,19
37,AQU,2015,03,21
38,AQU,2015,03,22
39,AQU,2015,03,26
40,AQU,2015,03,27
41,AQU,2015,03,28
42,AQU,2015,04,01
43,AQU,2015,04,02
44,AQU,2015,04,03
45,AQU,2015,04,04
46,AQU,2015,04,08
47,AQU,2015,04,09
48,AQU,2015,04,10
49,AQU,2015,04,11
50,AQU,2015,04,12
51,AQU,2015,04,15
52,AQU,2015,04,16
53,AQU,2015,04,17
54,AQU,2015,04,18
55,AQU,2015,04,19
56,AQU,2015,04,22
57,AQU,2015,04,23
58,AQU,2015,04,24
59,AQU,2015,04,25
60,AQU,2015,04,26
61,AQU,2015,11,04
62,AQU,2015,11,05
63,AQU,2015,11,06
64,AQU,2015,11,07
65,AQU,2015,11,08
66,AQU,2015,11,09
67,AQU,2015,11,11
68,AQU,2015,11,12
69,AQU,2015,11,13
70,AQU,2015,11,14
71,AQU,2015,11,15
72,AQU,2015,11,18
73,AQU,2015,11,19
74,AQU,2015,11,20
75,AQU,2015,11,21
76,AQU,2015,11,22
77,AQU,2015,01,01
78,AQU,2015,01,02
79,AQU,2015,01,03
80,AQU,2015,01,04
81,AQU,2015,01,09
82,AQU,2015,01,11
83,AQU,2015,01,15
84,AQU,2015,01,16
85,AQU,2015,01,17
86,AQU,2015,01,18
87,AQU,2015,01,19
88,AQU,2015,01,22
89,AQU,2015,01,23
90,AQU,2015,01,25
91,AQU,2015,01,29
92,AQU,2015,01,30
93,AQU,2015,02,01
94,AQU,2015,02,05
95,AQU,2015,02,06
96,AQU,2015,02,07
97,AQU,2015,02,08
98,AQU,2015,02,11
99,AQU,2015,02,12
100,AQU,2015,02,14
101,AQU,2015,02,21
102,AQU,2015,02,22
103,AQU,2015,02,26
104,AQU,2015,02,27
105,AQU,2015,02,28
106,AQU,2015,03,01
107,AQU,2015,03,07
108,AQU,2015,03,08
109,AQU,2015,03,12
110,AQU,2015,03,13
111,AQU,2015,03,14
112,AQU,2015,03,15
113,AQU,2015,03,19
114,AQU,2015,03,21
115,AQU,2015,03,22
116,AQU,2015,03,26
117,AQU,2015,03,27
118,AQU,2015,03,28
119,AQU,2015,04,01
120,AQU,2015,04,02
121,AQU,2015,04,03
122,AQU,2015,04,04
123,AQU,2015,04,08
124,AQU,2015,04,09
125,AQU,2015,04,10
126,AQU,2015,04,11
127,AQU,2015,04,12
128,AQU,2015,04,15
129,AQU,2015,04,16
130,AQU,2015,04,17
131,AQU,2015,04,18
132,AQU,2015,04,19
133,AQU,2015,04,22
134,AQU,2015,04,23
135,AQU,2015,04,24
136,AQU,2015,04,25
137,AQU,2015,04,26
138,AQU,2015,11,04
139,AQU,2015,11,05
140,AQU,2015,11,06
141,AQU,2015,11,07
142,AQU,2015,11,08
143,AQU,2015,11,09
144,AQU,2015,11,11
145,AQU,2015,11,12
146,AQU,2015,11,13
147,AQU,2015,11,14
148,AQU,2015,11,15
149,AQU,2015,11,18
150,AQU,2015,11,19
151,AQU,2015,11,20
152,AQU,2015,11,21
153,AQU,2015,11,22
154,AQU,2015,01,01
155,AQU,2015,01,02
156,AQU,2015,01,03
157,AQU,2015,01,04
158,AQU,2015,01,09
159,AQU,2015,01,11
160,AQU,2015,01,15
161,AQU,2015,01,16
162,AQU,2015,01,17
163,AQU,2015,01,18
164,AQU,2015,01,19
165,AQU,2015,01,22
166,AQU,2015,01,23
167,AQU,2015,01,25
168,AQU,2015,01,29
169,AQU,2015,01,30
170,AQU,2015,02,01
171,AQU,2015,02,05
172,AQU,2015,02,06
173,AQU,2015,02,07
174,AQU,2015,02,08
175,AQU,2015,02,11
176,AQU,2015,02,12
177,AQU,2015,02,14
178,AQU,2015,02,21
179,AQU,2015,02,22
180,AQU,2015,02,26
181,AQU,2015,02,27
182,AQU,2015,02,28
183,AQU,2015,03,01
184,AQU,2015,03,07
185,AQU,2015,03,08
186,AQU,2015,03,12
187,AQU,2015,03,13
188,AQU,2015,03,14
189,AQU,2015,03,15
190,AQU,2015,03,19
191,AQU,2015,03,21
192,AQU,2015,03,22
193,AQU,2015,03,26
194,AQU,2015,03,27
195,AQU,2015,03,28
196,AQU,2015,04,01
197,AQU,2015,04,02
198,AQU,2015,04,03
199,AQU,2015,04,04
200,AQU,2015,04,08
201,AQU,2015,04,09
202,AQU,2015,04,10
203,AQU,2015,04,11
204,AQU,2015,04,12
205,AQU,2015,04,15
206,AQU,2015,04,16
207,AQU,2015,04,17
208,AQU,2015,04,18
209,AQU,2015,04,19
210,AQU,2015,04,22
211,AQU,2015,04,23
212,AQU,2015,04,24
213,AQU,2015,04,25
214,AQU,2015,04,26
215,AQU,2015,11,04
216,AQU,2015,11,05
217,AQU,2015,11,06
218,AQU,2015,11,07
219,AQU,2015,11,08
220,AQU,2015,11,09
221,AQU,2015,11,11
222,AQU,2015,11,12
223,AQU,2015,11,13
224,AQU,2015,11,14
225,AQU,2015,11,15
226,AQU,2015,11,18
227,AQU,2015,11,19
228,AQU,2015,11,20
229,AQU,2015,11,21
230,AQU,2015,11,22
231,AQU,2015,01,01
232,AQU,2015,01,02
233,AQU,2015,01,03
234,AQU,2015,01,04
235,AQU,2015,01,09
236,AQU,2015,01,11
237,AQU,2015,01,15
238,AQU,2015,01,16
239,AQU,2015,01,17
240,AQU,2015,01,18
241,AQU,2015,01,19
242,AQU,2015,01,22
243,AQU,2015,01,23
244,AQU,2015,01,25
245,AQU,2015,01,29
246,AQU,2015,01,30
247,AQU,2015,02,01
248,AQU,2015,02,05
249,AQU,2015,02,06
250,AQU,2015,02,07
251,AQU,2015,02,08
252,AQU,2015,02,11
253,AQU,2015,02,12
254,AQU,2015,02,14
255,AQU,2015,02,21
256,AQU,2015,02,22
257,AQU,2015,02,26
258,AQU,2015,02,27
259,AQU,2015,02,28
260,AQU,2015,03,01
261,AQU,2015,03,07
262,AQU,2015,03,08
263,AQU,2015,03,12
264,AQU,2015,03,13
265,AQU,2015,03,14
266,AQU,2015,03,15
267,AQU,2015,03,19
268,AQU,2015,03,21
269,AQU,2015,03,22
270,AQU,2015,03,26
271,AQU,2015,03,27
272,AQU,2015,03,28
273,AQU,2015,04,01
274,AQU,2015,04,02
275,AQU,2015,04,03
276,AQU,2015,04,04
277,AQU,2015,04,08
278,AQU,2015,04,09
279,AQU,2015,04,10
280,AQU,2015,04,11
281,AQU,2015,04,12
282,AQU,2015,04,15
283,AQU,2015,04,16
284,AQU,2015,04,17
285,AQU,2015,04,18
286,AQU,2015,04,19
287,AQU,2015,04,22
288,AQU,2015,04,23
289,AQU,2015,04,24
290,AQU,2015,04,25
291,AQU,2015,04,26
292,AQU,2015,11,04
293,AQU,2015,11,05
294,AQU,2015,11,06
295,AQU,2015,11,07
296,AQU,2015,11,08
297,AQU,2015,11,09
298,AQU,2015,11,11
299,AQU,2015,11,12
300,AQU,2015,11,13
301,AQU,2015,11,14
302,AQU,2015,11,15
303,AQU,2015,11,18
304,AQU,2015,11,19
305,AQU,2015,11,20
306,AQU,2015,11,21
307,AQU,2015,11,22
308,AQU,2015,01,01
309,AQU,2015,01,02
310,AQU,2015,01,03
311,AQU,2015,01,04
312,AQU,2015,01,09
313,AQU,2015,01,11
314,AQU,2015,01,15
315,AQU,2015,01,16
316,AQU,2015,01,17
317,AQU,2015,01,18
318,AQU,2015,01,19
319,AQU,2015,01,22
320,AQU,2015,01,23
321,AQU,2015,01,25
322,AQU,2015,01,29
323,AQU,2015,01,30
324,AQU,2015,02,01
325,AQU,2015,02,05
326,AQU,2015,02,06
327,AQU,2015,02,07
328,AQU,2015,02,08
329,AQU,2015,02,11
330,AQU,2015,02,12
331,AQU,2015,02,14
332,AQU,2015,02,21
333,AQU,2015,02,22
334,AQU,2015,02,26
335,AQU,2015,02,27
336,AQU,2015,02,28
337,AQU,2015,03,01
338,AQU,2015,03,07
339,AQU,2015,03,08
340,AQU,2015,03,12
341,AQU,2015,03,13
342,AQU,2015,03,14
343,AQU,2015,03,15
344,AQU,2015,03,19
345,AQU,2015,03,21
346,AQU,2015,03,22
347,AQU,2015,03,26
348,AQU,2015,03,27
349,AQU,2015,03,28
350,AQU,2015,04,01
351,AQU,2015,04,02
352,AQU,2015,04,03
353,AQU,2015,04,04
354,AQU,2015,04,08
355,AQU,2015,04,09
356,AQU,2015,04,10
357,AQU,2015,04,11
358,AQU,2015,04,12
359,AQU,2015,04,15
360,AQU,2015,04,16
361,AQU,2015,04,17
362,AQU,2015,04,18
363,AQU,2015,04,19
364,AQU,2015,04,22
365,AQU,2015,04,23
366,AQU,2015,04,24
367,AQU,2015,04,25
368,AQU,2015,04,26
369,AQU,2015,11,04
370,AQU,2015,11,05
371,AQU,2015,11,06
372,AQU,2015,11,07
373,AQU,2015,11,08
374,AQU,2015,11,09
375,AQU,2015,11,11
376,AQU,2015,11,12
377,AQU,2015,11,13
378,AQU,2015,11,14
379,AQU,2015,11,15
380,AQU,2015,11,18
381,AQU,2015,11,19
382,AQU,2015,11,20
383,AQU,2015,11,21
384,AQU,2015,11,22
385,AQU,2015,01,01
386,AQU,2015,01,02
387,AQU,2015,01,03
388,AQU,2015,01,04
389,AQU,2015,01,09
390,AQU,2015,01,11
391,AQU,2015,01,15
392,AQU,2015,01,16
393,AQU,2015,01,17
394,AQU,2015,01,18
395,AQU,2015,01,19
396,AQU,2015,01,22
397,AQU,2015,01,23
398,AQU,2015,01,25
399,AQU,2015,01,29
400,AQU,2015,01,30
401,AQU,2015,02,01
402,AQU,2015,02,05
403,AQU,2015,02,06
404,AQU,2015,02,07
405,AQU,2015,02,08
406,AQU,2015,02,11
407,AQU,2015,02,12
408,AQU,2015,02,14
409,AQU,2015,02,21
410,AQU,2015,02,22
411,AQU,2015,02,26
412,AQU,2015,02,27
413,AQU,2015,02,28
414,AQU,2015,03,01
415,AQU,2015,03,07
416,AQU,2015,03,08
417,AQU,2015,03,12
418,AQU,2015,03,13
419,AQU,2015,03,14
420,AQU,2015,03,15
421,AQU,2015,03,19
422,AQU,2015,03,21
423,AQU,2015,03,22
424,AQU,2015,03,26
425,AQU,2015,03,27
426,AQU,2015,03,28
427,AQU,2015,04,01
428,AQU,2015,04,02
429,AQU,2015,04,03
430,AQU,2015,04,04
431,AQU,2015,04,08
432,AQU,2015,04,09
433,AQU,2015,04,10
434,AQU,2015,04,11
435,AQU,2015,04,12
436,AQU,2015,04,15
437,AQU,2015,04,16
438,AQU,2015,04,17
439,AQU,2015,04,18
440,AQU,2015,04,19
441,AQU,2015,04,22
442,AQU,2015,04,23
443,AQU,2015,04,24
444,AQU,2015,04,25
445,AQU,2015,04,26
446,AQU,2015,11,04
447,AQU,2015,11,05
448,AQU,2015,11,06
449,AQU,2015,11,07
450,AQU,2015,11,08
451,AQU,2015,11,09
452,AQU,2015,11,11
453,AQU,2015,11,12
454,AQU,2015,11,13
455,AQU,2015,11,14
456,AQU,2015,11,15
457,AQU,2015,11,18
458,AQU,2015,11,19
459,AQU,2015,11,20
460,AQU,2015,11,21
461,AQU,2015,11,22
462,AQU,2015,01,01
463,AQU,2015,01,02
464,AQU,2015,01,03
465,AQU,2015,01,04
466,AQU,2015,01,09
467,AQU,2015,01,11
468,AQU,2015,01,15
469,AQU,2015,01,16
470,AQU,2015,01,17
471,AQU,2015,01,18
472,AQU,2015,01,19
473,AQU,2015,01,22
474,AQU,2015,01,23
475,AQU,2015,01,25
476,AQU,2015,01,29
477,AQU,2015,01,30
478,AQU,2015,02,01
479,AQU,2015,02,05
480,AQU,2015,02,06
481,AQU,2015,02,07
482,AQU,2015,02,08
483,AQU,2015,02,11
484,AQU,2015,02,12
485,AQU,2015,02,14
486,AQU,2015,02,21
487,AQU,2015,02,22
488,AQU,2015,02,26
489,AQU,2015,02,27
490,AQU,2015,02,28
491,AQU,2015,03,01
492,AQU,2015,03,07
493,AQU,2015,03,08
494,AQU,2015,03,12
495,AQU,2015,03,13
496,AQU,2015,03,14
497,AQU,2015,03,15
498,AQU,2015,03,19
499,AQU,2015,03,21
500,AQU,2015,03,22
501,AQU,2015,03,26
502,AQU,2015,03,27
503,AQU,2015,03,28
504,AQU,2015,04,01
505,AQU,2015,04,02
506,AQU,2015,04,03
507,AQU,2015,04,04
508,AQU,2015,04,08
509,AQU,2015,04,09
510,AQU,2015,04,10
511,AQU,2015,04,11
512,AQU,2015,04,12
513,AQU,2015,04,15
514,AQU,2015,04,16
515,AQU,2015,04,17
516,AQU,2015,04,18
517,AQU,2015,04,19
518,AQU,2015,04,22
519,AQU,2015,04,23
520,AQU,2015,04,24
521,AQU,2015,04,25
522,AQU,2015,04,26
523,AQU,2015,11,04
524,AQU,2015,11,05
525,AQU,2015,11,06
526,AQU,2015,11,07
527,AQU,2015,11,08
528,AQU,2015,11,09
529,AQU,2015,11,11
530,AQU,2015,11,12
531,AQU,2015,11,13
532,AQU,2015,11,14
533,AQU,2015,11,15
534,AQU,2015,11,18
535,AQU,2015,11,19
536,AQU,2015,11,20
537,AQU,2015,11,21
538,AQU,2015,11,22
539,AQU,2015,01,01
540,AQU,2015,01,02
541,AQU,2015,01,03
542,AQU,2015,01,04
543,AQU,2015,01,09
544,AQU,2015,01,11
545,AQU,2015,01,15
546,AQU,2015,01,16
547,AQU,2015,01,17
548,AQU,2015,01,18
549,AQU,2015,01,19
550,AQU,2015,01,22
551,AQU,2015,01,23
552,AQU,2015,01,25
553,AQU,2015,01,29
554,AQU,2015,01,30
555,AQU,2015,02,01
556,AQU,2015,02,05
557,AQU,2015,02,06
558,AQU,2015,02,07
559,AQU,2015,02,08
560,AQU,2015,02,11
561,AQU,2015,02,12
562,AQU,2015,02,14
563,AQU,2015,02,21
564,AQU,2015,02,22
565,AQU,2015,02,26
566,AQU,2015,02,27
567,AQU,2015,02,28
568,AQU,2015,03,01
569,AQU,2015,03,07
570,AQU,2015,03,08
571,AQU,2015,03,12
572,AQU,2015,03,13
573,AQU,2015,03,14
574,AQU,2015,03,15
575,AQU,2015,03,19
576,AQU,2015,03,21
577,AQU,2015,03,22
578,AQU,2015,03,26
579,AQU,2015,03,27
580,AQU,2015,03,28
581,AQU,2015,04,01
582,AQU,2015,04,02
583,AQU,2015,04,03
584,AQU,2015,04,04
585,AQU,2015,04,08
586,AQU,2015,04,09
587,AQU,2015,04,10
588,AQU,2015,04,11
589,AQU,2015,04,12
590,AQU,2015,04,15
591,AQU,2015,04,16
592,AQU,2015,04,17
593,AQU,2015,04,18
594,AQU,2015,04,19
595,AQU,2015,04,22
596,AQU,2015,04,23
597,AQU,2015,04,24
598,AQU,2015,04,25
599,AQU,2015,04,26
600,AQU,2015,11,04
601,AQU,2015,11,05
602,AQU,2015,11,06
603,AQU,2015,11,07
604,AQU,2015,11,08
605,AQU,2015,11,09
606,AQU,2015,11,11
607,AQU,2015,11,12
608,AQU,2015,11,13
609,AQU,2015,11,14
610,AQU,2015,11,15
611,AQU,2015,11,18
612,AQU,2015,11,19
613,AQU,2015,11,20
614,AQU,2015,11,21
615,AQU,2015,11,22
616,AQU,2015,01,01
617,AQU,2015,01,02
618,AQU,2015,01,03
619,AQU,2015,01,04
620,AQU,2015,01,09
621,AQU,2015,01,11
622,AQU,2015,01,15
623,AQU,2015,01,16
624,AQU,2015,01,17
625,AQU,2015,01,18
626,AQU,2015,01,19
627,AQU,2015,01,22
628,AQU,2015,01,23
629,AQU,2015,01,25
630,AQU,2015,01,29
631,AQU,2015,01,30
632,AQU,2015,02,01
633,AQU,2015,02,05
634,AQU,2015,02,06
635,AQU,2015,02,07
636,AQU,2015,02,08
637,AQU,2015,02,11
638,AQU,2015,02,12
639,AQU,2015,02,14
640,AQU,2015,02,21
641,AQU,2015,02,22
642,AQU,2015,02,26
643,AQU,2015,02,27
644,AQU,2015,02,28
645,AQU,2015,03,01
646,AQU,2015,03,07
647,AQU,2015,03,08
648,AQU,2015,03,12
649,AQU,2015,03,13
650,AQU,2015,03,14
651,AQU,2015,03,15
652,AQU,2015,03,19
653,AQU,2015,03,21
654,AQU,2015,03,22
655,AQU,2015,03,26
656,AQU,2015,03,27
657,AQU,2015,03,28
658,AQU,2015,04,01
659,AQU,2015,04,02
660,AQU,2015,04,03
661,AQU,2015,04,04
662,AQU,2015,04,08
663,AQU,2015,04,09
664,AQU,2015,04,10
665,AQU,2015,04,11
666,AQU,2015,04,12
667,AQU,2015,04,15
668,AQU,2015,04,16
669,AQU,2015,04,17
670,AQU,2015,04,18
671,AQU,2015,04,19
672,AQU,2015,04,22
673,AQU,2015,04,23
674,AQU,2015,04,24
675,AQU,2015,04,25
676,AQU,2015,04,26
677,AQU,2015,11,04
678,AQU,2015,11,05
679,AQU,2015,11,06
680,AQU,2015,11,07
681,AQU,2015,11,08
682,AQU,2015,11,09
683,AQU,2015,11,11
684,AQU,2015,11,12
685,AQU,2015,11,13
686,AQU,2015,11,14
687,AQU,2015,11,15
688,AQU,2015,11,18
689,AQU,2015,11,19
690,AQU,2015,11,20
691,AQU,2015,11,21
692,AQU,2015,11,22
693,AQU,2015,01,01
694,AQU,2015,01,02
695,AQU,2015,01,03
696,AQU,2015,01,04
697,AQU,2015,01,09
698,AQU,2015,01,11
699,AQU,2015,01,15
700,AQU,2015,01,16
701,AQU,2015,01,17
702,AQU,2015,01,18
703,AQU,2015,01,19
704,AQU,2015,01,22
705,AQU,2015,01,23
706,AQU,2015,01,25
707,AQU,2015,01,29
708,AQU,2015,01,30
709,AQU,2015,02,01
710,AQU,2015,02,05
711,AQU,2015,02,06
712,AQU,2015,02,07
713,AQU,2015,02,08
714,AQU,2015,02,11
715,AQU,2015,02,12
716,AQU,2015,02,14
717,AQU,2015,02,21
718,AQU,2015,02,22
719,AQU,2015,02,26
720,AQU,2015,02,27
721,AQU,2015,02,28
722,AQU,2015,03,01
723,AQU,2015,03,07
724,AQU,2015,03,08
725,AQU,2015,03,12
726,AQU,2015,03,13
727,AQU,2015,03,14
728,AQU,2015,03,15
729,AQU,2015,03,19
730,AQU,2015,03,21
731,AQU,2015,03,22
732,AQU,2015,03,26
733,AQU,2015,03,27
734,AQU,2015,03,28
735,AQU,2015,04,01
736,AQU,2015,04,02
737,AQU,2015,04,03
738,AQU,2015,04,04
739,AQU,2015,04,08
740,AQU,2015,04,09
741,AQU,2015,04,10
742,AQU,2015,04,11
743,AQU,2015,04,12
744,AQU,2015,04,15
745,AQU,2015,04,16
746,AQU,2015,04,17
747,AQU,2015,04,18
748,AQU,2015,04,19
749,AQU,2015,04,22
750,AQU,2015,04,23
751,AQU,2015,04,24
752,AQU,2015,04,25
753,AQU,2015,04,26
754,AQU,2015,11,04
755,AQU,2015,11,05
756,AQU,2015,11,06
757,AQU,2015,11,07
758,AQU,2015,11,08
759,AQU,2015,11,09
760,AQU,2015,11,11
761,AQU,2015,11,12
762,AQU,2015,11,13
763,AQU,2015,11,14
764,AQU,2015,11,15
765,AQU,2015,11,18
766,AQU,2015,11,19
767,AQU,2015,11,20
768,AQU,2015,11,21
769,AQU,2015,11,22
770,AQU,2015,01,01
771,AQU,2015,01,02
772,AQU,2015,01,03
773,AQU,2015,01,04
774,AQU,2015,01,09
775,AQU,2015,01,11
776,AQU,2015,01,15
777,AQU,2015,01,16
778,AQU,2015,01,17
779,AQU,2015,01,18
780,AQU,2015,01,19
781,AQU,2015,01,22
782,AQU,2015,01,23
783,AQU,2015,01,25
784,AQU,2015,01,29
785,AQU,2015,01,30
786,AQU,2015,02,01
787,AQU,2015,02,05
788,AQU,2015,02,06
789,AQU,2015,02,07
790,AQU,2015,02,08
791,AQU,2015,02,11
792,AQU,2015,02,12
793,AQU,2015,02,14
794,AQU,2015,02,21
795,AQU,2015,02,22
796,AQU,2015,02,26
797,AQU,2015,02,27
798,AQU,2015,02,28
799,AQU,2015,03,01
800,AQU,2015,03,07
801,AQU,2015,03,08
802,AQU,2015,03,12
803,AQU,2015,03,13
804,AQU,2015,03,14
805,AQU,2015,03,15
806,AQU,2015,03,19
807,AQU,2015,03,21
808,AQU,2015,03,22
809,AQU,2015,03,26
810,AQU,2015,03,27
811,AQU,2015,03,28
812,AQU,2015,04,01
813,AQU,2015,04,02
814,AQU,2015,04,03
815,AQU,2015,04,04
816,AQU,2015,04,08
817,AQU,2015,04,09
818,AQU,2015,04,10
819,AQU,2015,04,11
820,AQU,2015,04,12
821,AQU,2015,04,15
822,AQU,2015,04,16
823,AQU,2015,04,17
824,AQU,2015,04,18
825,AQU,2015,04,19
826,AQU,2015,04,22
827,AQU,2015,04,23
828,AQU,2015,04,24
829,AQU,2015,04,25
830,AQU,2015,04,26
831,AQU,2015,11,04
832,AQU,2015,11,05
833,AQU,2015,11,06
834,AQU,2015,11,07
835,AQU,2015,11,08
836,AQU,2015,11,09
837,AQU,2015,11,11
838,AQU,2015,11,12
839,AQU,2015,11,13
840,AQU,2015,11,14
841,AQU,2015,11,15
842,AQU,2015,11,18
843,AQU,2015,11,19
844,AQU,2015,11,20
845,AQU,2015,11,21
846,AQU,2015,11,22
847,AQU,2015,01,01
848,AQU,2015,01,02
849,AQU,2015,01,03
850,AQU,2015,01,04
851,AQU,2015,01,09
852,AQU,2015,01,11
853,AQU,2015,01,15
854,AQU,2015,01,16
855,AQU,2015,01,17
856,AQU,2015,01,18
857,AQU,2015,01,19
858,AQU,2015,01,22
859,AQU,2015,01,23
860,AQU,2015,01,25
861,AQU,2015,01,29
862,AQU,2015,01,30
863,AQU,2015,02,01
864,AQU,2015,02,05
865,AQU,2015,02,06
866,AQU,2015,02,07
867,AQU,2015,02,08
868,AQU,2015,02,11
869,AQU,2015,02,12
870,AQU,2015,02,14
871,AQU,2015,02,21
872,AQU,2015,02,22
873,AQU,2015,02,26
874,AQU,2015,02,27
875,AQU,2015,02,28
876,AQU,2015,03,01
877,AQU,2015,03,07
878,AQU,2015,03,08
879,AQU,2015,03,12
880,AQU,2015,03,13
881,AQU,2015,03,14
882,AQU,2015,03,15
883,AQU,2015,03,19
884,AQU,2015,03,21
885,AQU,2015,03,22
886,AQU,2015,03,26
887,AQU,2015,03,27
888,AQU,2015,03,28
889,AQU,2015,04,01
890,AQU,2015,04,02
891,AQU,2015,04,03
892,AQU,2015,04,04
893,AQU,2015,04,08
894,AQU,2015,04,09
895,AQU,2015,04,10
896,AQU,2015,04,11
897,AQU,2015,04,12
898,AQU,2015,04,15
899,AQU,2015,04,16
900,AQU,2015,04,17
901,AQU,2015,04,18
902,AQU,2015,04,19
903,AQU,2015,04,22
904,AQU,2015,04,23
905,AQU,2015,04,24
906,AQU,2015,04,25
907,AQU,2015,04,26
908,AQU,2015,11,04
909,AQU,2015,11,05
910,AQU,2015,11,06
911,AQU,2015,11,07
912,AQU,2015,11,08
913,AQU,2015,11,09
914,AQU,2015,11,11
915,AQU,2015,11,12
916,AQU,2015,11,13
917,AQU,2015,11,14
918,AQU,2015,11,15
919,AQU,2015,11,18
920,AQU,2015,11,19
921,AQU,2015,11,20
922,AQU,2015,11,21
923,AQU,2015,11,22
924,AQU,2015,01,01
925,AQU,2015,01,02
926,AQU,2015,01,03
927,AQU,2015,01,04
928,AQU,2015,01,09
929,AQU,2015,01,11
930,AQU,2015,01,15
931,AQU,2015,01,16
932,AQU,2015,01,17
933,AQU,2015,01,18
934,AQU,2015,01,19
935,AQU,2015,01,22
936,AQU,2015,01,23
937,AQU,2015,01,25
938,AQU,2015,01,29
939,AQU,2015,01,30
940,AQU,2015,02,01
941,AQU,2015,02,05
942,AQU,2015,02,06
943,AQU,2015,02,07
944,AQU,2015,02,08
945,AQU,2015,02,11
946,AQU,2015,02,12
947,AQU,2015,02,14
948,AQU,2015,02,21
949,AQU,2015,02,22
950,AQU,2015,02,26
951,AQU,2015,02,27
952,AQU,2015,02,28
953,AQU,2015,03,01
954,AQU,2015,03,07
955,AQU,2015,03,08
956,AQU,2015,03,12
957,AQU,2015,03,13
958,AQU,2015,03,14
959,AQU,2015,03,15
960,AQU,2015,03,19
961,AQU,2015,03,21
962,AQU,2015,03,22
963,AQU,2015,03,26
964,AQU,2015,03,27
965,AQU,2015,03,28
966,AQU,2015,04,01
967,AQU,2015,04,02
968,AQU,2015,04,03
969,AQU,2015,04,04
970,AQU,2015,04,08
971,AQU,2015,04,09
972,AQU,2015,04,10
973,AQU,2015,04,11
974,AQU,2015,04,12
975,AQU,2015,04,15
976,AQU,2015,04,16
977,AQU,2015,04,17
978,AQU,2015,04,18
979,AQU,2015,04,19
980,AQU,2015,04,22
981,AQU,2015,04,23
982,AQU,2015,04,24
983,AQU,2015,04,25
984,AQU,2015,04,26
985,AQU,2015,11,04
986,AQU,2015,11,05
987,AQU,2015,11,06
988,AQU,2015,11,07
989,AQU,2015,11,08
990,AQU,2015,11,09
991,AQU,2015,11,11
992,AQU,2015,11,12
993,AQU,2015,11,13
994,AQU,2015,11,14
995,AQU,2015,11,15
996,AQU,2015,11,18
997,AQU,2015,11,19
998,AQU,2015,11,20
999,AQU,2015,11,21
1000,AQU,2015,11,22
1001,AQU,2015,01,01
1002,AQU,2015,01,02
1003,AQU,2015,01,03
1004,AQU,2015,01,04
1005,AQU,2015,01,09
1006,AQU,2015,01,11
1007,AQU,2015,01,15
1008,AQU,2015,01,16
1009,AQU,2015,01,17
1010,AQU,2015,01,18
1011,AQU,2015,01,19
1012,AQU,2015,01,22
1013,AQU,2015,01,23
1014,AQU,2015,01,25
1015,AQU,2015,01,29
1016,AQU,2015,01,30
1017,AQU,2015,02,01
1018,AQU,2015,02,05
1019,AQU,2015,02,06
1020,AQU,2015,02,07
1021,AQU,2015,02,08
1022,AQU,2015,02,11
1023,AQU,2015,02,12
1024,AQU,2015,02,14
1025,AQU,2015,02,21
1026,AQU,2015,02,22
1027,AQU,2015,02,26
1028,AQU,2015,02,27
1029,AQU,2015,02,28
1030,AQU,2015,03,01
1031,AQU,2015,03,07
1032,AQU,2015,03,08
1033,AQU,2015,03,12
1034,AQU,2015,03,13
1035,AQU,2015,03,14
1036,AQU,2015,03,15
1037,AQU,2015,03,19
1038,AQU,2015,03,21
1039,AQU,2015,03,22
1040,AQU,2015,03,26
1041,AQU,2015,03,27
1042,AQU,2015,03,28
1043,AQU,2015,04,01
1044,AQU,2015,04,02
1045,AQU,2015,04,03
1046,AQU,2015,04,04
1047,AQU,2015,04,08
1048,AQU,2015,04,09
1049,AQU,2015,04,10
1050,AQU,2015,04,11
1051,AQU,2015,04,12
1052,AQU,2015,04,15
1053,AQU,2015,04,16
1054,AQU,2015,04,17
1055,AQU,2015,04,18
1056,AQU,2015,04,19
1057,AQU,2015,04,22
1058,AQU,2015,04,23
1059,AQU,2015,04,24
1060,AQU,2015,04,25
1061,AQU,2015,04,26
1062,AQU,2015,11,04
1063,AQU,2015,11,05
1064,AQU,2015,11,06
1065,AQU,2015,11,07
1066,AQU,2015,11,08
1067,AQU,2015,11,09
1068,AQU,2015,11,11
1069,AQU,2015,11,12
1070,AQU,2015,11,13
1071,AQU,2015,11,14
1072,AQU,2015,11,15
1073,AQU,2015,11,18
1074,AQU,2015,11,19
1075,AQU,2015,11,20
1076,AQU,2015,11,21
1077,AQU,2015,11,22
1078,AQU,2015,01,01
1079,AQU,2015,01,02
1080,AQU,2015,01,03
1081,AQU,2015,01,04
1082,AQU,2015,01,09
1083,AQU,2015,01,11
1084,AQU,2015,01,15
1085,AQU,2015,01,16
1086,AQU,2015,01,17
1087,AQU,2015,01,18
1088,AQU,2015,01,19
1089,AQU,2015,01,22
1090,AQU,2015,01,23
1091,AQU,2015,01,25
1092,AQU,2015,01,29
1093,AQU,2015,01,30
1094,AQU,2015,02,01
1095,AQU,2015,02,05
1096,AQU,2015,02,06
1097,AQU,2015,02,07
1098,AQU,2015,02,08
1099,AQU,2015,02,11
1100,AQU,2015,02,12
1101,AQU,2015,02,14
1102,AQU,2015,02,21
1103,AQU,2015,02,22
1104,AQU,2015,02,26
1105,AQU,2015,02,27
1106,AQU,2015,02,28
1107,AQU,2015,03,01
1108,AQU,2015,03,07
1109,AQU,2015,03,08
1110,AQU,2015,03,12
1111,AQU,2015,03,13
1112,AQU,2015,03,14
1113,AQU,2015,03,15
1114,AQU,2015,03,19
1115,AQU,2015,03,21
1116,AQU,2015,03,22
1117,AQU,2015,03,26
1118,AQU,2015,03,27
1119,AQU,2015,03,28
1120,AQU,2015,04,01
1121,AQU,2015,04,02
1122,AQU,2015,04,03
1123,AQU,2015,04,04
1124,AQU,2015,04,08
1125,AQU,2015,04,09
1126,AQU,2015,04,10
1127,AQU,2015,04,11
1128,AQU,2015,04,12
1129,AQU,2015,04,15
1130,AQU,2015,04,16
1131,AQU,2015,04,17
1132,AQU,2015,04,18
1133,AQU,2015,04,19
1134,AQU,2015,04,22
1135,AQU,2015,04,23
1136,AQU,2015,04,24
1137,AQU,2015,04,25
1138,AQU,2015,04,26
1139,AQU,2015,11,04
1140,AQU,2015,11,05
1141,AQU,2015,11,06
1142,AQU,2015,11,07
1143,AQU,2015,11,08
1144,AQU,2015,11,09
1145,AQU,2015,11,11
1146,AQU,2015,11,12
1147,AQU,2015,11,13
1148,AQU,2015,11,14
1149,AQU,2015,11,15
1150,AQU,2015,11,18
1151,AQU,2015,11,19
1152,AQU,2015,11,20
1153,AQU,2015,11,21
1154,AQU,2015,11,22
1155,AQU,2015,01,01
1156,AQU,2015,01,02
1157,AQU,2015,01,03
1158,AQU,2015,01,04
1159,AQU,2015,01,09
1160,AQU,2015,01,11
1161,AQU,2015,01,15
1162,AQU,2015,01,16
1163,AQU,2015,01,17
1164,AQU,2015,01,18
1165,AQU,2015,01,19
1166,AQU,2015,01,22
1167,AQU,2015,01,23
1168,AQU,2015,01,25
1169,AQU,2015,01,29
1170,AQU,2015,01,30
1171,AQU,2015,02,01
1172,AQU,2015,02,05
1173,AQU,2015,02,06
1174,AQU,2015,02,07
1175,AQU,2015,02,08
1176,AQU,2015,02,11
1177,AQU,2015,02,12
1178,AQU,2015,02,14
1179,AQU,2015,02,21
1180,AQU,2015,02,22
1181,AQU,2015,02,26
1182,AQU,2015,02,27
1183,AQU,2015,02,28
1184,AQU,2015,03,01
1185,AQU,2015,03,07
1186,AQU,2015,03,08
1187,AQU,2015,03,12
1188,AQU,2015,03,13
1189,AQU,2015,03,14
1190,AQU,2015,03,15
1191,AQU,2015,03,19
1192,AQU,2015,03,21
1193,AQU,2015,03,22
1194,AQU,2015,03,26
1195,AQU,2015,03,27
1196,AQU,2015,03,28
1197,AQU,2015,04,01
1198,AQU,2015,04,02
1199,AQU,2015,04,03
1200,AQU,2015,04,04
1201,AQU,2015,04,08
1202,AQU,2015,04,09
1203,AQU,2015,04,10
1204,AQU,2015,04,11
1205,AQU,2015,04,12
1206,AQU,2015,04,15
1207,AQU,2015,04,16
1208,AQU,2015,04,17
1209,AQU,2015,04,18
1210,AQU,2015,04,19
1211,AQU,2015,04,22
1212,AQU,2015,04,23
1213,AQU,2015,04,24
1214,AQU,2015,04,25
1215,AQU,2015,04,26
1216,AQU,2015,11,04
1217,AQU,2015,11,05
1218,AQU,2015,11,06
1219,AQU,2015,11,07
1220,AQU,2015,11,08
1221,AQU,2015,11,09
1222,AQU,2015,11,11
1223,AQU,2015,11,12
1224,AQU,2015,11,13
1225,AQU,2015,11,14
1226,AQU,2015,11,15
1227,AQU,2015,11,18
1228,AQU,2015,11,19
1229,AQU,2015,11,20
1230,AQU,2015,11,21
1231,AQU,2015,11,22
1232,AQU,2015,01,01
1233,AQU,2015,01,02
1234,AQU,2015,01,03
1235,AQU,2015,01,04
1236,AQU,2015,01,09
1237,AQU,2015,01,11
1238,AQU,2015,01,15
1239,AQU,2015,01,16
1240,AQU,2015,01,17
1241,AQU,2015,01,18
1242,AQU,2015,01,19
1243,AQU,2015,01,22
1244,AQU,2015,01,23
1245,AQU,2015,01,25
1246,AQU,2015,01,29
1247,AQU,2015,01,30
1248,AQU,2015,02,01
1249,AQU,2015,02,05
1250,AQU,2015,02,06
1251,AQU,2015,02,07
1252,AQU,2015,02,08
1253,AQU,2015,02,11
1254,AQU,2015,02,12
1255,AQU,2015,02,14
1256,AQU,2015,02,21
1257,AQU,2015,02,22
1258,AQU,2015,02,26
1259,AQU,2015,02,27
1260,AQU,2015,02,28
1261,AQU,2015,03,01
1262,AQU,2015,03,07
1263,AQU,2015,03,08
1264,AQU,2015,03,12
1265,AQU,2015,03,13
1266,AQU,2015,03,14
1267,AQU,2015,03,15
1268,AQU,2015,03,19
1269,AQU,2015,03,21
1270,AQU,2015,03,22
1271,AQU,2015,03,26
1272,AQU,2015,03,27
1273,AQU,2015,03,28
1274,AQU,2015,04,01
1275,AQU,2015,04,02
1276,AQU,2015,04,03
1277,AQU,2015,04,04
1278,AQU,2015,04,08
1279,AQU,2015,04,09
1280,AQU,2015,04,10
1281,AQU,2015,04,11
1282,AQU,2015,04,12
1283,AQU,2015,04,15
1284,AQU,2015,04,16
1285,AQU,2015,04,17
1286,AQU,2015,04,18
1287,AQU,2015,04,19
1288,AQU,2015,04,22
1289,AQU,2015,04,23
1290,AQU,2015,04,24
1291,AQU,2015,04,25
1292,AQU,2015,04,26
1293,AQU,2015,11,04
1294,AQU,2015,11,05
1295,AQU,2015,11,06
1296,AQU,2015,11,07
1297,AQU,2015,11,08
1298,AQU,2015,11,09
1299,AQU,2015,11,11
1300,AQU,2015,11,12
1301,AQU,2015,11,13
1302,AQU,2015,11,14
1303,AQU,2015,11,15
1304,AQU,2015,11,18
1305,AQU,2015,11,19
1306,AQU,2015,11,20
1307,AQU,2015,11,21
1308,AQU,2015,11,22
1309,AQU,2015,01,01
1310,AQU,2015,01,02
1311,AQU,2015,01,03
1312,AQU,2015,01,04
1313,AQU,2015,01,09
1314,AQU,2015,01,11
1315,AQU,2015,01,15
1316,AQU,2015,01,16
1317,AQU,2015,01,17
1318,AQU,2015,01,18
1319,AQU,2015,01,19
1320,AQU,2015,01,22
1321,AQU,2015,01,23
1322,AQU,2015,01,25
1323,AQU,2015,01,29
1324,AQU,2015,01,30
1325,AQU,2015,02,01
1326,AQU,2015,02,05
1327,AQU,2015,02,06
1328,AQU,2015,02,07
1329,AQU,2015,02,08
1330,AQU,2015,02,11
1331,AQU,2015,02,12
1332,AQU,2015,02,14
1333,AQU,2015,02,21
1334,AQU,2015,02,22
1335,AQU,2015,02,26
1336,AQU,2015,02,27
1337,AQU,2015,02,28
1338,AQU,2015,03,01
1339,AQU,2015,03,07
1340,AQU,2015,03,08
1341,AQU,2015,03,12
1342,AQU,2015,03,13
1343,AQU,2015,03,14
1344,AQU,2015,03,15
1345,AQU,2015,03,19
1346,AQU,2015,03,21
1347,AQU,2015,03,22
1348,AQU,2015,03,26
1349,AQU,2015,03,27
1350,AQU,2015,03,28
1351,AQU,2015,04,01
1352,AQU,2015,04,02
1353,AQU,2015,04,03
1354,AQU,2015,04,04
1355,AQU,2015,04,08
1356,AQU,2015,04,09
1357,AQU,2015,04,10
1358,AQU,2015,04,11
1359,AQU,2015,04,12
1360,AQU,2015,04,15
1361,AQU,2015,04,16
1362,AQU,2015,04,17
1363,AQU,2015,04,18
1364,AQU,2015,04,19
1365,AQU,2015,04,22
1366,AQU,2015,04,23
1367,AQU,2015,04,24
1368,AQU,2015,04,25
1369,AQU,2015,04,26
1370,AQU,2015,11,04
1371,AQU,2015,11,05
1372,AQU,2015,11,06
1373,AQU,2015,11,07
1374,AQU,2015,11,08
1375,AQU,2015,11,09
1376,AQU,2015,11,11
1377,AQU,2015,11,12
1378,AQU,2015,11,13
1379,AQU,2015,11,14
1380,AQU,2015,11,15
1381,AQU,2015,11,18
1382,AQU,2015,11,19
1383,AQU,2015,11,20
1384,AQU,2015,11,21
1385,AQU,2015,11,22
