,post,name,win,place,show,fin_pos,Odds,date,track,fog,hail,maxhumidity,meandewptm,meanpressurem,meantempm,meanvism,meanwdird,meanwindspdm,minhumidity,precipm,rain,snow,snowdepthm,snowfallm,thunder
0,11.0,Real Quiet,7.0,3.6,3.0,1,2.5,1998-05-16,PIM,,,,,,,,,,,,,,,,
1,10.0,Victory Gallop,,3.2,2.8,2,2.0,1998-05-16,PIM,,,,,,,,,,,,,,,,
2,3.0,Classic Cat,,,4.8,3,12.3,1998-05-16,PIM,,,,,,,,,,,,,,,,
3,6.0,Charismatic,18.8,7.6,5.8,1,8.4,1999-05-15,PIM,0.0,0.0,64.0,2.0,1025.0,16.0,16.0,75.0,14.0,24.0,0.0,0.0,0.0,,0.0,0.0
4,5.0,Menifee,,3.6,3.2,2,2.0,1999-05-15,PIM,0.0,0.0,64.0,2.0,1025.0,16.0,16.0,75.0,14.0,24.0,0.0,0.0,0.0,,0.0,0.0
5,4.0,Badge,,,18.8,3,58.0,1999-05-15,PIM,0.0,0.0,64.0,2.0,1025.0,16.0,16.0,75.0,14.0,24.0,0.0,0.0,0.0,,0.0,0.0
6,4.0,Red Bullet,14.4,3.2,2.8,1,6.2,2000-05-20,PIM,0.0,0.0,100.0,12.0,1017.0,12.0,6.0,65.0,18.0,93.0,0.76,1.0,0.0,,0.0,0.0
7,7.0,Fusaichi Pegasus,,2.6,2.2,2,0.3,2000-05-20,PIM,0.0,0.0,100.0,12.0,1017.0,12.0,6.0,65.0,18.0,93.0,0.76,1.0,0.0,,0.0,0.0
8,3.0,Impeachment,,,3.6,3,19.1,2000-05-20,PIM,0.0,0.0,100.0,12.0,1017.0,12.0,6.0,65.0,18.0,93.0,0.76,1.0,0.0,,0.0,0.0
9,11.0,Point Given,6.6,5.0,4.0,1,2.3,2001-05-19,PIM,1.0,0.0,100.0,17.0,1010.0,21.0,8.0,197.0,5.0,64.0,2.54,1.0,0.0,,0.0,0.0
10,4.0,A P Valentine,,8.2,5.2,2,10.2,2001-05-19,PIM,1.0,0.0,100.0,17.0,1010.0,21.0,8.0,197.0,5.0,64.0,2.54,1.0,0.0,,0.0,0.0
11,5.0,Congaree,,,3.4,3,2.8,2001-05-19,PIM,1.0,0.0,100.0,17.0,1010.0,21.0,8.0,197.0,5.0,64.0,2.54,1.0,0.0,,0.0,0.0
12,8.0,War Emblem,7.6,6.0,4.4,1,2.8,2002-05-18,PIM,1.0,0.0,100.0,11.0,1006.0,13.0,13.0,353.0,16.0,60.0,18.54,1.0,0.0,,0.0,0.0
13,2.0,Magic Weisner,,33.0,14.0,2,45.7,2002-05-18,PIM,1.0,0.0,100.0,11.0,1006.0,13.0,13.0,353.0,16.0,60.0,18.54,1.0,0.0,,0.0,0.0
14,9.0,Funny Cide,5.8,4.6,3.4,1,1.9,2003-05-17,PIM,0.0,0.0,97.0,9.0,1027.0,10.0,12.0,78.0,18.0,86.0,1.27,1.0,0.0,,0.0,0.0
15,6.0,Midway Road,,15.4,9.0,2,20.0,2003-05-17,PIM,0.0,0.0,97.0,9.0,1027.0,10.0,12.0,78.0,18.0,86.0,1.27,1.0,0.0,,0.0,0.0
16,7.0,Smarty Jones,3.4,3.0,2.6,1,0.7,2004-05-15,PIM,0.0,0.0,97.0,17.0,1020.0,24.0,16.0,221.0,11.0,43.0,4.32,1.0,0.0,,0.0,0.0
17,10.0,Rock Hard Ten,,5.0,4.0,2,6.9,2004-05-15,PIM,0.0,0.0,97.0,17.0,1020.0,24.0,16.0,221.0,11.0,43.0,4.32,1.0,0.0,,0.0,0.0
18,9.0,Eddington,,,5.2,3,13.2,2004-05-15,PIM,0.0,0.0,97.0,17.0,1020.0,24.0,16.0,221.0,11.0,43.0,4.32,1.0,0.0,,0.0,0.0
19,12.0,Afleet Alex,8.6,5.0,3.2,1,3.3,2005-05-21,PIM,0.0,0.0,100.0,6.0,1012.0,14.0,14.0,308.0,11.0,25.0,0.0,0.0,0.0,0.0,0.0,0.0
20,5.0,Scrappy T,,11.2,5.8,2,13.3,2005-05-21,PIM,0.0,0.0,100.0,6.0,1012.0,14.0,14.0,308.0,11.0,25.0,0.0,0.0,0.0,0.0,0.0,0.0
21,13.0,Giacomo,,,4.8,3,6.0,2005-05-21,PIM,0.0,0.0,100.0,6.0,1012.0,14.0,14.0,308.0,11.0,25.0,0.0,0.0,0.0,0.0,0.0,0.0
22,8.0,Bernardini,27.8,9.4,5.8,1,12.9,2006-05-20,PIM,0.0,0.0,86.0,6.0,1006.0,17.0,16.0,281.0,10.0,31.0,0.0,0.0,0.0,,0.0,0.0
23,7.0,Sweetnorthernsaint,,7.8,5.0,2,8.4,2006-05-20,PIM,0.0,0.0,86.0,6.0,1006.0,17.0,16.0,281.0,10.0,31.0,0.0,0.0,0.0,,0.0,0.0
24,3.0,Hemingway's Key,,,8.0,3,29.4,2006-05-20,PIM,0.0,0.0,86.0,6.0,1006.0,17.0,16.0,281.0,10.0,31.0,0.0,0.0,0.0,,0.0,0.0
25,4.0,Curlin,8.8,3.8,2.8,1,3.4,2007-05-19,PIM,0.0,0.0,93.0,6.0,1016.0,16.0,16.0,321.0,12.0,25.0,0.25,1.0,0.0,0.0,0.0,0.0
26,8.0,Street Sense,,3.0,2.4,2,1.3,2007-05-19,PIM,0.0,0.0,93.0,6.0,1016.0,16.0,16.0,321.0,12.0,25.0,0.25,1.0,0.0,0.0,0.0,0.0
27,7.0,Hard Spun,,,3.0,3,4.1,2007-05-19,PIM,0.0,0.0,93.0,6.0,1016.0,16.0,16.0,321.0,12.0,25.0,0.25,1.0,0.0,0.0,0.0,0.0
28,7.0,Big Brown,2.4,2.6,2.4,1,0.2,2008-05-17,PIM,0.0,0.0,93.0,7.0,1003.0,16.0,16.0,260.0,18.0,33.0,,1.0,0.0,0.0,0.0,0.0
29,1.0,Macho Again,,17.2,10.4,2,40.0,2008-05-17,PIM,0.0,0.0,93.0,7.0,1003.0,16.0,16.0,260.0,18.0,33.0,,1.0,0.0,0.0,0.0,0.0
30,3.0,Icabad Crane,,,5.6,3,22.0,2008-05-17,PIM,0.0,0.0,93.0,7.0,1003.0,16.0,16.0,260.0,18.0,33.0,,1.0,0.0,0.0,0.0,0.0
31,13.0,Rachel Alexandra,5.6,4.6,3.6,1,1.6,2009-05-16,PIM,0.0,0.0,100.0,18.0,1016.0,22.0,7.0,191.0,7.0,71.0,9.65,1.0,0.0,0.0,0.0,0.0
32,2.0,Mine That Bird,,6.6,4.8,2,6.0,2009-05-16,PIM,0.0,0.0,100.0,18.0,1016.0,22.0,7.0,191.0,7.0,71.0,9.65,1.0,0.0,0.0,0.0,0.0
33,3.0,Musket Man,,,5.0,3,8.0,2009-05-16,PIM,0.0,0.0,100.0,18.0,1016.0,22.0,7.0,191.0,7.0,71.0,9.65,1.0,0.0,0.0,0.0,0.0
34,7.0,Lookin At Lucky,6.8,4.6,3.8,1,3.0,2010-05-15,PIM,0.0,0.0,84.0,10.0,1019.0,20.0,16.0,297.0,14.0,31.0,0.0,0.0,0.0,0.0,0.0,0.0
35,11.0,First Dude,,16.6,9.2,2,20.0,2010-05-15,PIM,0.0,0.0,84.0,10.0,1019.0,20.0,16.0,297.0,14.0,31.0,0.0,0.0,0.0,0.0,0.0,0.0
36,6.0,Jackson Bend,,,6.6,3,12.0,2010-05-15,PIM,0.0,0.0,84.0,10.0,1019.0,20.0,16.0,297.0,14.0,31.0,0.0,0.0,0.0,0.0,0.0,0.0
37,5.0,Shackleford,27.2,10.2,6.8,1,12.0,2011-05-21,PIM,0.0,0.0,93.0,13.0,1015.0,20.0,15.0,275.0,6.0,39.0,0.0,0.0,0.0,0.0,0.0,0.0
38,11.0,Animal Kingdom,,4.2,3.6,2,2.0,2011-05-21,PIM,0.0,0.0,93.0,13.0,1015.0,20.0,15.0,275.0,6.0,39.0,0.0,0.0,0.0,0.0,0.0,0.0
39,1.0,Astrology,,,8.0,3,15.0,2011-05-21,PIM,0.0,0.0,93.0,13.0,1015.0,20.0,15.0,275.0,6.0,39.0,0.0,0.0,0.0,0.0,0.0,0.0
40,9.0,I'll Have Another,8.4,3.8,2.8,1,2.5,2012-05-19,PIM,0.0,0.0,86.0,8.0,1020.0,19.0,16.0,63.0,4.0,30.0,0.0,0.0,0.0,0.0,0.0,0.0
41,7.0,Bodemeister,,3.2,2.8,2,1.6,2012-05-19,PIM,0.0,0.0,86.0,8.0,1020.0,19.0,16.0,63.0,4.0,30.0,0.0,0.0,0.0,0.0,0.0,0.0
42,6.0,Creative Cause,,,3.6,3,6.0,2012-05-19,PIM,0.0,0.0,86.0,8.0,1020.0,19.0,16.0,63.0,4.0,30.0,0.0,0.0,0.0,0.0,0.0,0.0
43,6.0,Oxbow,32.8,12.0,6.8,1,15.0,2013-05-18,PIM,0.0,0.0,93.0,12.0,1023.0,17.0,14.0,128.0,12.0,48.0,0.51,1.0,0.0,0.0,0.0,0.0
44,9.0,Itsmyluckyday,,7.8,5.0,2,10.0,2013-05-18,PIM,0.0,0.0,93.0,12.0,1023.0,17.0,14.0,128.0,12.0,48.0,0.51,1.0,0.0,0.0,0.0,0.0
45,5.0,Mylute,,,5.2,3,5.0,2013-05-18,PIM,0.0,0.0,93.0,12.0,1023.0,17.0,14.0,128.0,12.0,48.0,0.51,1.0,0.0,0.0,0.0,0.0
46,3.0,California Chrome,3.0,3.0,2.4,1,0.6,2014-05-17,PIM,0.0,0.0,86.0,5.0,1018.0,14.0,16.0,291.0,9.0,32.0,0.0,0.0,0.0,0.0,0.0,0.0
47,8.0,Social Inclusion,,,3.4,3,5.0,2014-05-17,PIM,0.0,0.0,86.0,5.0,1018.0,14.0,16.0,291.0,9.0,32.0,0.0,0.0,0.0,0.0,0.0,0.0
48,1.0,American Pharoah,3.8,3.4,2.8,1,0.8,2015-05-16,PIM,0.0,0.0,93.0,16.0,1021.0,22.0,15.0,216.0,7.0,43.0,4.32,1.0,0.0,0.0,0.0,1.0
49,5.0,Tale of Verve,,19.0,8.8,2,30.0,2015-05-16,PIM,0.0,0.0,93.0,16.0,1021.0,22.0,15.0,216.0,7.0,43.0,4.32,1.0,0.0,0.0,0.0,1.0
50,7.0,Divining Rod,,,5.2,3,12.0,2015-05-16,PIM,0.0,0.0,93.0,16.0,1021.0,22.0,15.0,216.0,7.0,43.0,4.32,1.0,0.0,0.0,0.0,1.0
51,2.0,Real Quiet,18.8,8.8,5.8,1,8.4,1998-05-02,CHU,,,,,,,,,,,,,,,,
52,12.0,Victory Gallop,,13.0,7.6,2,14.6,1998-05-02,CHU,,,,,,,,,,,,,,,,
53,7.0,Indian Charlie,,,4.2,3,2.7,1998-05-02,CHU,,,,,,,,,,,,,,,,
54,11.0,Charismatic,64.6,27.8,14.4,1,31.3,1999-05-01,CHU,0.0,0.0,77.0,6.0,1021.0,17.0,16.0,17.0,13.0,29.0,0.0,0.0,0.0,,0.0,0.0
55,13.0,Menifee,,8.4,5.8,2,7.0,1999-05-01,CHU,0.0,0.0,77.0,6.0,1021.0,17.0,16.0,17.0,13.0,29.0,0.0,0.0,0.0,,0.0,0.0
56,8.0,Cat Thief,,,5.8,3,7.4,1999-05-01,CHU,0.0,0.0,77.0,6.0,1021.0,17.0,16.0,17.0,13.0,29.0,0.0,0.0,0.0,,0.0,0.0
57,12.0,Fusaichi Pegasus,6.6,5.6,4.0,1,2.3,2000-05-06,CHU,0.0,0.0,93.0,18.0,1019.0,22.0,14.0,173.0,11.0,52.0,0.0,0.0,0.0,,0.0,0.0
58,5.0,Aptitude,,9.8,5.8,2,11.8,2000-05-06,CHU,0.0,0.0,93.0,18.0,1019.0,22.0,14.0,173.0,11.0,52.0,0.0,0.0,0.0,,0.0,0.0
59,0.0,Impeachment,,,4.0,3,6.2,2000-05-06,CHU,0.0,0.0,93.0,18.0,1019.0,22.0,14.0,173.0,11.0,52.0,0.0,0.0,0.0,,0.0,0.0
60,16.0,Monarchos,23.0,11.8,8.8,1,10.5,2001-05-05,CHU,0.0,0.0,83.0,12.0,1018.0,22.0,15.0,160.0,3.0,32.0,0.0,0.0,0.0,,0.0,0.0
61,13.0,Invisible Ink,,46.6,21.2,2,55.0,2001-05-05,CHU,0.0,0.0,83.0,12.0,1018.0,22.0,15.0,160.0,3.0,32.0,0.0,0.0,0.0,,0.0,0.0
62,8.0,Congaree,,,7.2,3,7.2,2001-05-05,CHU,0.0,0.0,83.0,12.0,1018.0,22.0,15.0,160.0,3.0,32.0,0.0,0.0,0.0,,0.0,0.0
63,5.0,War Emblem,43.0,22.8,13.6,1,20.5,2002-05-04,CHU,,,,,,,,,,,,,,,,
64,13.0,Proud Citizen,,24.6,13.4,2,23.3,2002-05-04,CHU,,,,,,,,,,,,,,,,
65,3.0,Perfect Drift,,,6.4,3,7.9,2002-05-04,CHU,,,,,,,,,,,,,,,,
66,6.0,Funny Cide,27.6,12.4,8.2,1,12.8,2003-05-03,CHU,0.0,0.0,87.0,10.0,1017.0,16.0,14.0,359.0,14.0,48.0,0.0,0.0,0.0,,0.0,0.0
67,12.0,Empire Maker,,5.8,4.4,2,2.5,2003-05-03,CHU,0.0,0.0,87.0,10.0,1017.0,16.0,14.0,359.0,14.0,48.0,0.0,0.0,0.0,,0.0,0.0
68,5.0,Peace Rules,,,6.0,3,6.3,2003-05-03,CHU,0.0,0.0,87.0,10.0,1017.0,16.0,14.0,359.0,14.0,48.0,0.0,0.0,0.0,,0.0,0.0
69,15.0,Smarty Jones,10.2,6.2,4.8,1,4.1,2004-05-01,CHU,0.0,0.0,94.0,17.0,1013.0,20.0,13.0,275.0,11.0,64.0,12.45,1.0,0.0,,0.0,1.0
70,3.0,Lion Heart,,8.2,5.8,2,5.4,2004-05-01,CHU,0.0,0.0,94.0,17.0,1013.0,20.0,13.0,275.0,11.0,64.0,12.45,1.0,0.0,,0.0,1.0
71,10.0,Imperialism,,,6.2,3,10.9,2004-05-01,CHU,0.0,0.0,94.0,17.0,1013.0,20.0,13.0,275.0,11.0,64.0,12.45,1.0,0.0,,0.0,1.0
72,10.0,Giacomo,102.6,45.8,19.8,1,50.3,2005-05-07,CHU,0.0,0.0,80.0,9.0,1018.0,18.0,15.0,250.0,10.0,36.0,0.0,0.0,0.0,0.0,0.0,0.0
73,18.0,Closing Argument,,70.0,24.8,2,71.6,2005-05-07,CHU,0.0,0.0,80.0,9.0,1018.0,18.0,15.0,250.0,10.0,36.0,0.0,0.0,0.0,0.0,0.0,0.0
74,12.0,Afleet Alex,,,4.6,3,4.5,2005-05-07,CHU,0.0,0.0,80.0,9.0,1018.0,18.0,15.0,250.0,10.0,36.0,0.0,0.0,0.0,0.0,0.0,0.0
75,8.0,Barbaro,14.2,8.0,6.0,1,6.1,2006-05-06,CHU,0.0,0.0,71.0,6.0,1015.0,16.0,16.0,358.0,11.0,40.0,0.0,0.0,0.0,,0.0,0.0
76,13.0,Bluegrass Cat,,28.4,15.4,2,30.0,2006-05-06,CHU,0.0,0.0,71.0,6.0,1015.0,16.0,16.0,358.0,11.0,40.0,0.0,0.0,0.0,,0.0,0.0
77,2.0,Steppenwolfer,,,7.8,3,16.3,2006-05-06,CHU,0.0,0.0,71.0,6.0,1015.0,16.0,16.0,358.0,11.0,40.0,0.0,0.0,0.0,,0.0,0.0
78,7.0,Street Sense,11.8,6.4,4.6,1,4.9,2007-05-05,CHU,0.0,0.0,93.0,17.0,1015.0,21.0,11.0,127.0,8.0,54.0,,1.0,0.0,0.0,0.0,0.0
79,8.0,Hard Spun,,9.8,7.0,2,10.0,2007-05-05,CHU,0.0,0.0,93.0,17.0,1015.0,21.0,11.0,127.0,8.0,54.0,,1.0,0.0,0.0,0.0,0.0
80,2.0,Curlin,,,5.6,3,5.0,2007-05-05,CHU,0.0,0.0,93.0,17.0,1015.0,21.0,11.0,127.0,8.0,54.0,,1.0,0.0,0.0,0.0,0.0
81,20.0,Big Brown,6.8,5.0,4.8,1,2.0,2008-05-03,CHU,0.0,0.0,93.0,13.0,1008.0,17.0,13.0,208.0,24.0,38.0,17.53,1.0,0.0,0.0,0.0,1.0
82,5.0,Eight Belles,,10.6,6.4,2,13.0,2008-05-03,CHU,0.0,0.0,93.0,13.0,1008.0,17.0,13.0,208.0,24.0,38.0,17.53,1.0,0.0,0.0,0.0,1.0
83,16.0,Denis of Cork,,,11.6,3,27.0,2008-05-03,CHU,0.0,0.0,93.0,13.0,1008.0,17.0,13.0,208.0,24.0,38.0,17.53,1.0,0.0,0.0,0.0,1.0
84,8.0,Mine That Bird,103.2,54.0,25.8,1,50.6,2009-05-02,CHU,0.0,0.0,93.0,10.0,1016.0,14.0,14.0,6.0,6.0,60.0,1.78,1.0,0.0,0.0,0.0,0.0
85,2.0,Musket Man,,,12.0,3,19.0,2009-05-02,CHU,0.0,0.0,93.0,10.0,1016.0,14.0,14.0,6.0,6.0,60.0,1.78,1.0,0.0,0.0,0.0,0.0
86,4.0,Super Saver,18.0,8.8,6.0,1,15.0,2010-05-01,CHU,0.0,0.0,100.0,16.0,1008.0,21.0,11.0,175.0,22.0,43.0,33.53,1.0,0.0,0.0,0.0,1.0
87,2.0,Ice Box,,11.2,8.0,2,10.0,2010-05-01,CHU,0.0,0.0,100.0,16.0,1008.0,21.0,11.0,175.0,22.0,43.0,33.53,1.0,0.0,0.0,0.0,1.0
88,10.0,Paddy O'Prado,,,7.4,3,20.0,2010-05-01,CHU,0.0,0.0,100.0,16.0,1008.0,21.0,11.0,175.0,22.0,43.0,33.53,1.0,0.0,0.0,0.0,1.0
89,16.0,Animal Kingdom,43.8,19.6,13.0,1,30.0,2011-05-07,CHU,0.0,0.0,83.0,10.0,1012.0,17.0,16.0,167.0,10.0,53.0,,1.0,0.0,0.0,0.0,0.0
90,19.0,Nehro,,8.8,6.4,2,6.0,2011-05-07,CHU,0.0,0.0,83.0,10.0,1012.0,17.0,16.0,167.0,10.0,53.0,,1.0,0.0,0.0,0.0,0.0
91,13.0,Mucho Macho Man,,,7.0,3,12.0,2011-05-07,CHU,0.0,0.0,83.0,10.0,1012.0,17.0,16.0,167.0,10.0,53.0,,1.0,0.0,0.0,0.0,0.0
92,19.0,I'll Have Another,32.6,13.8,9.0,1,12.0,2012-05-05,CHU,0.0,0.0,93.0,18.0,1013.0,23.0,14.0,257.0,8.0,55.0,37.08,1.0,0.0,0.0,0.0,1.0
93,6.0,Bodemeister,,6.2,5.6,2,4.0,2012-05-05,CHU,0.0,0.0,93.0,18.0,1013.0,23.0,14.0,257.0,8.0,55.0,37.08,1.0,0.0,0.0,0.0,1.0
94,5.0,Dullahan,,,7.2,3,8.0,2012-05-05,CHU,0.0,0.0,93.0,18.0,1013.0,23.0,14.0,257.0,8.0,55.0,37.08,1.0,0.0,0.0,0.0,1.0
95,16.0,Orb,12.8,7.4,5.4,1,3.5,2013-05-04,CHU,0.0,0.0,93.0,11.0,1014.0,15.0,12.0,117.0,12.0,52.0,22.1,1.0,0.0,0.0,0.0,0.0
96,4.0,Golden Soul,,38.6,19.6,2,50.0,2013-05-04,CHU,0.0,0.0,93.0,11.0,1014.0,15.0,12.0,117.0,12.0,52.0,22.1,1.0,0.0,0.0,0.0,0.0
97,3.0,Revolutionary,,,5.4,3,10.0,2013-05-04,CHU,0.0,0.0,93.0,11.0,1014.0,15.0,12.0,117.0,12.0,52.0,22.1,1.0,0.0,0.0,0.0,0.0
98,5.0,California Chrome,7.0,5.6,4.2,1,2.5,2014-05-03,CHU,0.0,0.0,89.0,4.0,1013.0,15.0,16.0,237.0,16.0,26.0,0.0,0.0,0.0,0.0,0.0,0.0
99,17.0,Commanding Curve,,31.8,15.4,2,50.0,2014-05-03,CHU,0.0,0.0,89.0,4.0,1013.0,15.0,16.0,237.0,16.0,26.0,0.0,0.0,0.0,0.0,0.0,0.0
100,4.0,Danza,,,6.0,3,10.0,2014-05-03,CHU,0.0,0.0,89.0,4.0,1013.0,15.0,16.0,237.0,16.0,26.0,0.0,0.0,0.0,0.0,0.0,0.0
101,18.0,American Pharoah,7.8,5.8,4.2,1,2.5,2015-05-02,CHU,0.0,0.0,77.0,7.0,1019.0,19.0,16.0,213.0,4.0,29.0,0.0,0.0,0.0,0.0,0.0,0.0
102,10.0,Firing Line,,8.4,5.4,2,12.0,2015-05-02,CHU,0.0,0.0,77.0,7.0,1019.0,19.0,16.0,213.0,4.0,29.0,0.0,0.0,0.0,0.0,0.0,0.0
103,8.0,Dortmund,,,4.2,3,3.0,2015-05-02,CHU,0.0,0.0,77.0,7.0,1019.0,19.0,16.0,213.0,4.0,29.0,0.0,0.0,0.0,0.0,0.0,0.0
104,7.0,Rags to Riches,10.6,4.4,3.2,1,3.0,2007-06-09,BEL,0.0,0.0,93.0,17.0,1012.0,23.0,11.0,56.0,18.0,54.0,,1.0,0.0,0.0,0.0,0.0
105,3.0,Curlin,,3.0,2.3,2,1.2,2007-06-09,BEL,0.0,0.0,93.0,17.0,1012.0,23.0,11.0,56.0,18.0,54.0,,1.0,0.0,0.0,0.0,0.0
106,2.0,Tiago,,,3.7,3,10.0,2007-06-09,BEL,0.0,0.0,93.0,17.0,1012.0,23.0,11.0,56.0,18.0,54.0,,1.0,0.0,0.0,0.0,0.0
107,6.0,Da'Tara,79.0,28.0,14.8,1,38.0,2008-06-07,BEL,0.0,0.0,90.0,17.0,1017.0,23.0,11.0,196.0,11.0,44.0,0.0,0.0,0.0,0.0,0.0,1.0
108,4.0,Denis of Cork,,5.4,4.1,2,7.0,2008-06-07,BEL,0.0,0.0,90.0,17.0,1017.0,23.0,11.0,196.0,11.0,44.0,0.0,0.0,0.0,0.0,0.0,1.0
109,4.0,Summer Bird,25.4,9.3,4.7,1,12.0,2009-06-06,BEL,0.0,0.0,93.0,14.0,1013.0,19.0,16.0,290.0,14.0,61.0,0.0,0.0,0.0,0.0,0.0,0.0
110,2.0,Dunkirk,,5.4,3.6,2,4.5,2009-06-06,BEL,0.0,0.0,93.0,14.0,1013.0,19.0,16.0,290.0,14.0,61.0,0.0,0.0,0.0,0.0,0.0,0.0
111,7.0,Mine That Bird,,,2.6,3,22.0,2009-06-06,BEL,0.0,0.0,93.0,14.0,1013.0,19.0,16.0,290.0,14.0,61.0,0.0,0.0,0.0,0.0,0.0,0.0
112,7.0,Drosselmeyer,28.0,11.6,7.7,1,12.0,2010-06-05,BEL,0.0,0.0,84.0,19.0,1006.0,27.0,14.0,234.0,21.0,41.0,0.0,0.0,0.0,0.0,0.0,0.0
113,5.0,Fly Down,,6.8,5.1,2,4.5,2010-06-05,BEL,0.0,0.0,84.0,19.0,1006.0,27.0,14.0,234.0,21.0,41.0,0.0,0.0,0.0,0.0,0.0,0.0
114,11.0,First Dude,,,4.9,3,3.5,2010-06-05,BEL,0.0,0.0,84.0,19.0,1006.0,27.0,14.0,234.0,21.0,41.0,0.0,0.0,0.0,0.0,0.0,0.0
115,3.0,Ruler on Ice,51.5,26.0,13.6,1,20.0,2011-06-01,BEL,,,,,,,,,,,,,,,,
116,2.0,Stay Thirsty,,19.4,10.8,2,20.0,2011-06-01,BEL,,,,,,,,,,,,,,,,
117,5.0,Brilliant Speed,,,7.9,3,15.0,2011-06-01,BEL,,,,,,,,,,,,,,,,
118,3.0,Union Rags,7.5,4.2,3.4,1,6.0,2012-06-09,BEL,0.0,0.0,87.0,14.0,1013.0,22.0,16.0,257.0,9.0,47.0,,0.0,0.0,0.0,0.0,0.0
119,9.0,Paynter,,5.1,3.9,2,8.0,2012-06-09,BEL,0.0,0.0,87.0,14.0,1013.0,22.0,16.0,257.0,9.0,47.0,,0.0,0.0,0.0,0.0,0.0
120,4.0,Atigun,,,10.6,3,30.0,2012-06-09,BEL,0.0,0.0,87.0,14.0,1013.0,22.0,16.0,257.0,9.0,47.0,,0.0,0.0,0.0,0.0,0.0
121,12.0,Palace Malice,29.6,11.2,6.7,1,15.0,2013-06-08,BEL,0.0,0.0,97.0,15.0,1010.0,19.0,13.0,279.0,18.0,60.0,9.65,1.0,0.0,0.0,0.0,0.0
122,7.0,Oxbow,,9.9,6.1,2,5.0,2013-06-08,BEL,0.0,0.0,97.0,15.0,1010.0,19.0,13.0,279.0,18.0,60.0,9.65,1.0,0.0,0.0,0.0,0.0
123,5.0,Orb,,,3.9,3,3.0,2013-06-08,BEL,0.0,0.0,97.0,15.0,1010.0,19.0,13.0,279.0,18.0,60.0,9.65,1.0,0.0,0.0,0.0,0.0
124,11.0,Tonalist,20.4,9.6,7.0,1,8.0,2014-06-07,BEL,0.0,0.0,68.0,12.0,1015.0,22.0,16.0,257.0,13.0,36.0,0.0,0.0,0.0,0.0,0.0,0.0
125,8.0,Commissioner,,23.2,13.2,2,20.0,2014-06-07,BEL,0.0,0.0,68.0,12.0,1015.0,22.0,16.0,257.0,13.0,36.0,0.0,0.0,0.0,0.0,0.0,0.0
126,1.0,Medal Count,,,13.2,3,20.0,2014-06-07,BEL,0.0,0.0,68.0,12.0,1015.0,22.0,16.0,257.0,13.0,36.0,0.0,0.0,0.0,0.0,0.0,0.0
127,5.0,American Pharoah,3.5,2.8,2.5,1,0.6,2015-06-06,BEL,0.0,0.0,93.0,13.0,1014.0,21.0,14.0,329.0,14.0,19.0,5.08,1.0,0.0,0.0,0.0,0.0
128,6.0,Frosted,,3.5,2.9,2,5.0,2015-06-06,BEL,0.0,0.0,93.0,13.0,1014.0,21.0,14.0,329.0,14.0,19.0,5.08,1.0,0.0,0.0,0.0,0.0
129,7.0,Keen Ice,,,4.6,3,20.0,2015-06-06,BEL,0.0,0.0,93.0,13.0,1014.0,21.0,14.0,329.0,14.0,19.0,5.08,1.0,0.0,0.0,0.0,0.0
130,7.0,Hot Wells,,,,4,25.2,1998-05-16,PIM,,,,,,,,,,,,,,,,
131,2.0,Black Cash,,,,5,7.1,1998-05-16,PIM,,,,,,,,,,,,,,,,
132,1.0,Spartan Cat,,,,6,98.8,1998-05-16,PIM,,,,,,,,,,,,,,,,
133,6.0,Baquero,,,,7,14.6,1998-05-16,PIM,,,,,,,,,,,,,,,,
134,5.0,Basic Trainee,,,,8,63.8,1998-05-16,PIM,,,,,,,,,,,,,,,,
135,4.0,Cape Town,,,,9,2.9,1998-05-16,PIM,,,,,,,,,,,,,,,,
136,8.0,Silver's Prospect,,,,10,98.0,1998-05-16,PIM,,,,,,,,,,,,,,,,
137,0.0,Coronado's Quest,,,,11,0.0,1998-05-16,PIM,,,,,,,,,,,,,,,,
138,11.0,Stephen Got Even,,,,4,11.0,1999-05-15,PIM,0.0,0.0,64.0,2.0,1025.0,16.0,16.0,75.0,14.0,24.0,0.0,0.0,0.0,,0.0,0.0
139,8.0,Patience Game,,,,5,15.6,1999-05-15,PIM,0.0,0.0,64.0,2.0,1025.0,16.0,16.0,75.0,14.0,24.0,0.0,0.0,0.0,,0.0,0.0
140,6.0,Adonis,,,,6,19.8,1999-05-15,PIM,0.0,0.0,64.0,2.0,1025.0,16.0,16.0,75.0,14.0,24.0,0.0,0.0,0.0,,0.0,0.0
141,3.0,Cat Thief,,,,7,5.2,1999-05-15,PIM,0.0,0.0,64.0,2.0,1025.0,16.0,16.0,75.0,14.0,24.0,0.0,0.0,0.0,,0.0,0.0
142,2.0,Kimberlite Pipe,,,,8,17.4,1999-05-15,PIM,0.0,0.0,64.0,2.0,1025.0,16.0,16.0,75.0,14.0,24.0,0.0,0.0,0.0,,0.0,0.0
143,12.0,Valhol,,,,9,61.7,1999-05-15,PIM,0.0,0.0,64.0,2.0,1025.0,16.0,16.0,75.0,14.0,24.0,0.0,0.0,0.0,,0.0,0.0
144,13.0,Vicar,,,,10,24.0,1999-05-15,PIM,0.0,0.0,64.0,2.0,1025.0,16.0,16.0,75.0,14.0,24.0,0.0,0.0,0.0,,0.0,0.0
145,1.0,Torrid Sand,,,,11,102.8,1999-05-15,PIM,0.0,0.0,64.0,2.0,1025.0,16.0,16.0,75.0,14.0,24.0,0.0,0.0,0.0,,0.0,0.0
146,10.0,Worldly Manner,,,,12,5.3,1999-05-15,PIM,0.0,0.0,64.0,2.0,1025.0,16.0,16.0,75.0,14.0,24.0,0.0,0.0,0.0,,0.0,0.0
147,7.0,Excellent Meeting,,,,13,6.6,1999-05-15,PIM,0.0,0.0,64.0,2.0,1025.0,16.0,16.0,75.0,14.0,24.0,0.0,0.0,0.0,,0.0,0.0
148,0.0,Silverbulletday,,,,14,0.0,1999-05-15,PIM,0.0,0.0,64.0,2.0,1025.0,16.0,16.0,75.0,14.0,24.0,0.0,0.0,0.0,,0.0,0.0
149,6.0,Captain Steve,,,,4,11.5,2000-05-20,PIM,0.0,0.0,100.0,12.0,1017.0,12.0,6.0,65.0,18.0,93.0,0.76,1.0,0.0,,0.0,0.0
150,2.0,Snuck In,,,,5,19.6,2000-05-20,PIM,0.0,0.0,100.0,12.0,1017.0,12.0,6.0,65.0,18.0,93.0,0.76,1.0,0.0,,0.0,0.0
151,1.0,Hugh Hefner,,,,6,49.7,2000-05-20,PIM,0.0,0.0,100.0,12.0,1017.0,12.0,6.0,65.0,18.0,93.0,0.76,1.0,0.0,,0.0,0.0
152,5.0,High Yield,,,,7,7.3,2000-05-20,PIM,0.0,0.0,100.0,12.0,1017.0,12.0,6.0,65.0,18.0,93.0,0.76,1.0,0.0,,0.0,0.0
153,8.0,Hal's Hope,,,,8,35.1,2000-05-20,PIM,0.0,0.0,100.0,12.0,1017.0,12.0,6.0,65.0,18.0,93.0,0.76,1.0,0.0,,0.0,0.0
154,10.0,Dollar Bill,,,,4,8.3,2001-05-19,PIM,1.0,0.0,100.0,17.0,1010.0,21.0,8.0,197.0,5.0,64.0,2.54,1.0,0.0,,0.0,0.0
155,3.0,Griffinite,,,,5,59.1,2001-05-19,PIM,1.0,0.0,100.0,17.0,1010.0,21.0,8.0,197.0,5.0,64.0,2.54,1.0,0.0,,0.0,0.0
156,7.0,Monarchos,,,,6,2.3,2001-05-19,PIM,1.0,0.0,100.0,17.0,1010.0,21.0,8.0,197.0,5.0,64.0,2.54,1.0,0.0,,0.0,0.0
157,1.0,Marciano,,,,7,46.3,2001-05-19,PIM,1.0,0.0,100.0,17.0,1010.0,21.0,8.0,197.0,5.0,64.0,2.54,1.0,0.0,,0.0,0.0
158,9.0,Bay Eagle,,,,8,88.3,2001-05-19,PIM,1.0,0.0,100.0,17.0,1010.0,21.0,8.0,197.0,5.0,64.0,2.54,1.0,0.0,,0.0,0.0
159,8.0,Percy Hope,,,,9,52.6,2001-05-19,PIM,1.0,0.0,100.0,17.0,1010.0,21.0,8.0,197.0,5.0,64.0,2.54,1.0,0.0,,0.0,0.0
160,6.0,Richly Blended,,,,10,17.9,2001-05-19,PIM,1.0,0.0,100.0,17.0,1010.0,21.0,8.0,197.0,5.0,64.0,2.54,1.0,0.0,,0.0,0.0
161,2.0,Mr. John,,,,11,20.2,2001-05-19,PIM,1.0,0.0,100.0,17.0,1010.0,21.0,8.0,197.0,5.0,64.0,2.54,1.0,0.0,,0.0,0.0
162,12.0,Proud Citizen,,,,3,7.4,2002-05-18,PIM,1.0,0.0,100.0,11.0,1006.0,13.0,13.0,353.0,16.0,60.0,18.54,1.0,0.0,,0.0,0.0
163,6.0,Harlan's Holiday,,,,4,5.2,2002-05-18,PIM,1.0,0.0,100.0,11.0,1006.0,13.0,13.0,353.0,16.0,60.0,18.54,1.0,0.0,,0.0,0.0
164,7.0,Easyfromthegitgo,,,,5,23.4,2002-05-18,PIM,1.0,0.0,100.0,11.0,1006.0,13.0,13.0,353.0,16.0,60.0,18.54,1.0,0.0,,0.0,0.0
165,1.0,U S S Tinosa,,,,6,10.2,2002-05-18,PIM,1.0,0.0,100.0,11.0,1006.0,13.0,13.0,353.0,16.0,60.0,18.54,1.0,0.0,,0.0,0.0
166,4.0,Crimson Hero,,,,7,14.8,2002-05-18,PIM,1.0,0.0,100.0,11.0,1006.0,13.0,13.0,353.0,16.0,60.0,18.54,1.0,0.0,,0.0,0.0
167,5.0,Medaglia d'Oro,,,,8,3.0,2002-05-18,PIM,1.0,0.0,100.0,11.0,1006.0,13.0,13.0,353.0,16.0,60.0,18.54,1.0,0.0,,0.0,0.0
168,3.0,Straight Gin,,,,9,28.0,2002-05-18,PIM,1.0,0.0,100.0,11.0,1006.0,13.0,13.0,353.0,16.0,60.0,18.54,1.0,0.0,,0.0,0.0
169,1.0,Menacing Dennis,,,,10,51.2,2002-05-18,PIM,1.0,0.0,100.0,11.0,1006.0,13.0,13.0,353.0,16.0,60.0,18.54,1.0,0.0,,0.0,0.0
170,9.0,Table Limit,,,,11,23.1,2002-05-18,PIM,1.0,0.0,100.0,11.0,1006.0,13.0,13.0,353.0,16.0,60.0,18.54,1.0,0.0,,0.0,0.0
171,10.0,Booklet,,,,12,9.9,2002-05-18,PIM,1.0,0.0,100.0,11.0,1006.0,13.0,13.0,353.0,16.0,60.0,18.54,1.0,0.0,,0.0,0.0
172,11.0,Equality,,,,13,27.5,2002-05-18,PIM,1.0,0.0,100.0,11.0,1006.0,13.0,13.0,353.0,16.0,60.0,18.54,1.0,0.0,,0.0,0.0
173,2.0,Scrimshaw,,,,3,4.9,2003-05-17,PIM,0.0,0.0,97.0,9.0,1027.0,10.0,12.0,78.0,18.0,86.0,1.27,1.0,0.0,,0.0,0.0
174,7.0,Peace Rules,,,,4,2.4,2003-05-17,PIM,0.0,0.0,97.0,9.0,1027.0,10.0,12.0,78.0,18.0,86.0,1.27,1.0,0.0,,0.0,0.0
175,10.0,Senor Swinger,,,,5,4.9,2003-05-17,PIM,0.0,0.0,97.0,9.0,1027.0,10.0,12.0,78.0,18.0,86.0,1.27,1.0,0.0,,0.0,0.0
176,8.0,New York Hero,,,,6,19.6,2003-05-17,PIM,0.0,0.0,97.0,9.0,1027.0,10.0,12.0,78.0,18.0,86.0,1.27,1.0,0.0,,0.0,0.0
177,3.0,Foufa's Warrior,,,,7,22.4,2003-05-17,PIM,0.0,0.0,97.0,9.0,1027.0,10.0,12.0,78.0,18.0,86.0,1.27,1.0,0.0,,0.0,0.0
178,1.0,Cherokee's Boy,,,,8,9.7,2003-05-17,PIM,0.0,0.0,97.0,9.0,1027.0,10.0,12.0,78.0,18.0,86.0,1.27,1.0,0.0,,0.0,0.0
179,5.0,Ten Cents A Shine,,,,9,8.5,2003-05-17,PIM,0.0,0.0,97.0,9.0,1027.0,10.0,12.0,78.0,18.0,86.0,1.27,1.0,0.0,,0.0,0.0
180,4.0,Kissin Saint,,,,10,10.2,2003-05-17,PIM,0.0,0.0,97.0,9.0,1027.0,10.0,12.0,78.0,18.0,86.0,1.27,1.0,0.0,,0.0,0.0
181,1.0,Lion Heart,,,,4,4.9,2004-05-15,PIM,0.0,0.0,97.0,17.0,1020.0,24.0,16.0,221.0,11.0,43.0,4.32,1.0,0.0,,0.0,0.0
182,8.0,Imperialism,,,,5,6.6,2004-05-15,PIM,0.0,0.0,97.0,17.0,1020.0,24.0,16.0,221.0,11.0,43.0,4.32,1.0,0.0,,0.0,0.0
183,6.0,Sir Shackleton,,,,6,37.5,2004-05-15,PIM,0.0,0.0,97.0,17.0,1020.0,24.0,16.0,221.0,11.0,43.0,4.32,1.0,0.0,,0.0,0.0
184,2.0,Borrego,,,,7,12.8,2004-05-15,PIM,0.0,0.0,97.0,17.0,1020.0,24.0,16.0,221.0,11.0,43.0,4.32,1.0,0.0,,0.0,0.0
185,3.0,Little Matth Man,,,,8,45.0,2004-05-15,PIM,0.0,0.0,97.0,17.0,1020.0,24.0,16.0,221.0,11.0,43.0,4.32,1.0,0.0,,0.0,0.0
186,5.0,Song of the Sword,,,,9,51.0,2004-05-15,PIM,0.0,0.0,97.0,17.0,1020.0,24.0,16.0,221.0,11.0,43.0,4.32,1.0,0.0,,0.0,0.0
187,11.0,Water Cannon,,,,10,39.5,2004-05-15,PIM,0.0,0.0,97.0,17.0,1020.0,24.0,16.0,221.0,11.0,43.0,4.32,1.0,0.0,,0.0,0.0
188,10.0,Sun King,,,,4,21.1,2005-05-21,PIM,0.0,0.0,100.0,6.0,1012.0,14.0,14.0,308.0,11.0,25.0,0.0,0.0,0.0,0.0,0.0,0.0
189,11.0,High Limit,,,,5,18.7,2005-05-21,PIM,0.0,0.0,100.0,6.0,1012.0,14.0,14.0,308.0,11.0,25.0,0.0,0.0,0.0,0.0,0.0,0.0
190,3.0,Noble Causeway,,,,6,11.3,2005-05-21,PIM,0.0,0.0,100.0,6.0,1012.0,14.0,14.0,308.0,11.0,25.0,0.0,0.0,0.0,0.0,0.0,0.0
191,4.0,Greeley's Galaxy,,,,7,9.4,2005-05-21,PIM,0.0,0.0,100.0,6.0,1012.0,14.0,14.0,308.0,11.0,25.0,0.0,0.0,0.0,0.0,0.0,0.0
192,1.0,Malibu Moonshine,,,,8,24.0,2005-05-21,PIM,0.0,0.0,100.0,6.0,1012.0,14.0,14.0,308.0,11.0,25.0,0.0,0.0,0.0,0.0,0.0,0.0
193,7.0,Closing Argument,,,,9,7.2,2005-05-21,PIM,0.0,0.0,100.0,6.0,1012.0,14.0,14.0,308.0,11.0,25.0,0.0,0.0,0.0,0.0,0.0,0.0
194,2.0,High Fly,,,,10,5.1,2005-05-21,PIM,0.0,0.0,100.0,6.0,1012.0,14.0,14.0,308.0,11.0,25.0,0.0,0.0,0.0,0.0,0.0,0.0
195,6.0,Hal's Image,,,,11,23.5,2005-05-21,PIM,0.0,0.0,100.0,6.0,1012.0,14.0,14.0,308.0,11.0,25.0,0.0,0.0,0.0,0.0,0.0,0.0
196,9.0,Wilko,,,,12,13.3,2005-05-21,PIM,0.0,0.0,100.0,6.0,1012.0,14.0,14.0,308.0,11.0,25.0,0.0,0.0,0.0,0.0,0.0,0.0
197,5.0,Galloping Grocer,,,,13,27.0,2005-05-21,PIM,0.0,0.0,100.0,6.0,1012.0,14.0,14.0,308.0,11.0,25.0,0.0,0.0,0.0,0.0,0.0,0.0
198,14.0,Going Wild,,,,14,26.5,2005-05-21,PIM,0.0,0.0,100.0,6.0,1012.0,14.0,14.0,308.0,11.0,25.0,0.0,0.0,0.0,0.0,0.0,0.0
199,5.0,Brother Derek,,,,4,3.2,2006-05-20,PIM,0.0,0.0,86.0,6.0,1006.0,17.0,16.0,281.0,10.0,31.0,0.0,0.0,0.0,,0.0,0.0
200,4.0,Greeley's Galaxy,,,,5,34.9,2006-05-20,PIM,0.0,0.0,86.0,6.0,1006.0,17.0,16.0,281.0,10.0,31.0,0.0,0.0,0.0,,0.0,0.0
201,2.0,Platinum Couple,,,,6,33.2,2006-05-20,PIM,0.0,0.0,86.0,6.0,1006.0,17.0,16.0,281.0,10.0,31.0,0.0,0.0,0.0,,0.0,0.0
202,1.0,Like Now,,,,7,17.4,2006-05-20,PIM,0.0,0.0,86.0,6.0,1006.0,17.0,16.0,281.0,10.0,31.0,0.0,0.0,0.0,,0.0,0.0
203,9.0,Diabolical,,,,8,26.0,2006-05-20,PIM,0.0,0.0,86.0,6.0,1006.0,17.0,16.0,281.0,10.0,31.0,0.0,0.0,0.0,,0.0,0.0
204,6.0,Barbaro,,,,9,0.5,2006-05-20,PIM,0.0,0.0,86.0,6.0,1006.0,17.0,16.0,281.0,10.0,31.0,0.0,0.0,0.0,,0.0,0.0
205,9.0,C P West,,,,4,24.9,2007-05-19,PIM,0.0,0.0,93.0,6.0,1016.0,16.0,16.0,321.0,12.0,25.0,0.25,1.0,0.0,0.0,0.0,0.0
206,3.0,Circular Quay,,,,5,6.0,2007-05-19,PIM,0.0,0.0,93.0,6.0,1016.0,16.0,16.0,321.0,12.0,25.0,0.25,1.0,0.0,0.0,0.0,0.0
207,5.0,King of the Roxy,,,,6,14.2,2007-05-19,PIM,0.0,0.0,93.0,6.0,1016.0,16.0,16.0,321.0,12.0,25.0,0.25,1.0,0.0,0.0,0.0,0.0
208,1.0,Mint Slewlep,,,,7,40.1,2007-05-19,PIM,0.0,0.0,93.0,6.0,1016.0,16.0,16.0,321.0,12.0,25.0,0.25,1.0,0.0,0.0,0.0,0.0
209,2.0,Xchanger,,,,8,23.0,2007-05-19,PIM,0.0,0.0,93.0,6.0,1016.0,16.0,16.0,321.0,12.0,25.0,0.25,1.0,0.0,0.0,0.0,0.0
210,6.0,Flying First Class,,,,9,16.6,2007-05-19,PIM,0.0,0.0,93.0,6.0,1016.0,16.0,16.0,321.0,12.0,25.0,0.25,1.0,0.0,0.0,0.0,0.0
211,6.0,Racecar Rhapsody,,,,4,25.0,2008-05-17,PIM,0.0,0.0,93.0,7.0,1003.0,16.0,16.0,260.0,18.0,33.0,,1.0,0.0,0.0,0.0,0.0
212,9.0,Stevil,,,,5,41.0,2008-05-17,PIM,0.0,0.0,93.0,7.0,1003.0,16.0,16.0,260.0,18.0,33.0,,1.0,0.0,0.0,0.0,0.0
213,8.0,Kentucky Bear,,,,6,14.0,2008-05-17,PIM,0.0,0.0,93.0,7.0,1003.0,16.0,16.0,260.0,18.0,33.0,,1.0,0.0,0.0,0.0,0.0
214,13.0,Hey Byrn,,,,7,34.0,2008-05-17,PIM,0.0,0.0,93.0,7.0,1003.0,16.0,16.0,260.0,18.0,33.0,,1.0,0.0,0.0,0.0,0.0
215,11.0,Giant Moon,,,,8,37.0,2008-05-17,PIM,0.0,0.0,93.0,7.0,1003.0,16.0,16.0,260.0,18.0,33.0,,1.0,0.0,0.0,0.0,0.0
216,2.0,Tres Borrachos,,,,9,43.0,2008-05-17,PIM,0.0,0.0,93.0,7.0,1003.0,16.0,16.0,260.0,18.0,33.0,,1.0,0.0,0.0,0.0,0.0
217,4.0,Yankee Bravo,,,,10,24.0,2008-05-17,PIM,0.0,0.0,93.0,7.0,1003.0,16.0,16.0,260.0,18.0,33.0,,1.0,0.0,0.0,0.0,0.0
218,12.0,Gayego,,,,11,9.0,2008-05-17,PIM,0.0,0.0,93.0,7.0,1003.0,16.0,16.0,260.0,18.0,33.0,,1.0,0.0,0.0,0.0,0.0
219,10.0,Riley Tucker,,,,12,36.0,2008-05-17,PIM,0.0,0.0,93.0,7.0,1003.0,16.0,16.0,260.0,18.0,33.0,,1.0,0.0,0.0,0.0,0.0
220,5.0,Behindatthebar,,,,0,0.0,2008-05-17,PIM,0.0,0.0,93.0,7.0,1003.0,16.0,16.0,260.0,18.0,33.0,,1.0,0.0,0.0,0.0,0.0
221,10.0,Flying Private,,,,4,50.0,2009-05-16,PIM,0.0,0.0,100.0,18.0,1016.0,22.0,7.0,191.0,7.0,71.0,9.65,1.0,0.0,0.0,0.0,0.0
222,1.0,Big Drama,,,,5,10.0,2009-05-16,PIM,0.0,0.0,100.0,18.0,1016.0,22.0,7.0,191.0,7.0,71.0,9.65,1.0,0.0,0.0,0.0,0.0
223,7.0,Papa Clem,,,,6,12.0,2009-05-16,PIM,0.0,0.0,100.0,18.0,1016.0,22.0,7.0,191.0,7.0,71.0,9.65,1.0,0.0,0.0,0.0,0.0
224,6.0,Terrain,,,,7,30.0,2009-05-16,PIM,0.0,0.0,100.0,18.0,1016.0,22.0,7.0,191.0,7.0,71.0,9.65,1.0,0.0,0.0,0.0,0.0
225,4.0,Luv Gov,,,,8,50.0,2009-05-16,PIM,0.0,0.0,100.0,18.0,1016.0,22.0,7.0,191.0,7.0,71.0,9.65,1.0,0.0,0.0,0.0,0.0
226,8.0,General Quarters,,,,9,20.0,2009-05-16,PIM,0.0,0.0,100.0,18.0,1016.0,22.0,7.0,191.0,7.0,71.0,9.65,1.0,0.0,0.0,0.0,0.0
227,5.0,Friesan Fire,,,,10,6.0,2009-05-16,PIM,0.0,0.0,100.0,18.0,1016.0,22.0,7.0,191.0,7.0,71.0,9.65,1.0,0.0,0.0,0.0,0.0
228,9.0,Pioneerof the Nile,,,,11,5.0,2009-05-16,PIM,0.0,0.0,100.0,18.0,1016.0,22.0,7.0,191.0,7.0,71.0,9.65,1.0,0.0,0.0,0.0,0.0
229,12.0,Tone It Down,,,,12,50.0,2009-05-16,PIM,0.0,0.0,100.0,18.0,1016.0,22.0,7.0,191.0,7.0,71.0,9.65,1.0,0.0,0.0,0.0,0.0
230,11.0,Take the Points,,,,13,30.0,2009-05-16,PIM,0.0,0.0,100.0,18.0,1016.0,22.0,7.0,191.0,7.0,71.0,9.65,1.0,0.0,0.0,0.0,0.0
231,5.0,Yawanna Twist,,,,4,30.0,2010-05-15,PIM,0.0,0.0,84.0,10.0,1019.0,20.0,16.0,297.0,14.0,31.0,0.0,0.0,0.0,0.0,0.0,0.0
232,12.0,Dublin,,,,5,10.0,2010-05-15,PIM,0.0,0.0,84.0,10.0,1019.0,20.0,16.0,297.0,14.0,31.0,0.0,0.0,0.0,0.0,0.0,0.0
233,10.0,Paddy O'Prado,,,,6,4.5,2010-05-15,PIM,0.0,0.0,84.0,10.0,1019.0,20.0,16.0,297.0,14.0,31.0,0.0,0.0,0.0,0.0,0.0,0.0
234,9.0,Caracortado,,,,7,10.0,2010-05-15,PIM,0.0,0.0,84.0,10.0,1019.0,20.0,16.0,297.0,14.0,31.0,0.0,0.0,0.0,0.0,0.0,0.0
235,8.0,Super Saver,,,,8,2.5,2010-05-15,PIM,0.0,0.0,84.0,10.0,1019.0,20.0,16.0,297.0,14.0,31.0,0.0,0.0,0.0,0.0,0.0,0.0
236,2.0,Schoolyard Dreams,,,,9,15.0,2010-05-15,PIM,0.0,0.0,84.0,10.0,1019.0,20.0,16.0,297.0,14.0,31.0,0.0,0.0,0.0,0.0,0.0,0.0
237,1.0,Aikenite,,,,10,20.0,2010-05-15,PIM,0.0,0.0,84.0,10.0,1019.0,20.0,16.0,297.0,14.0,31.0,0.0,0.0,0.0,0.0,0.0,0.0
238,3.0,Pleasant Prince,,,,11,20.0,2010-05-15,PIM,0.0,0.0,84.0,10.0,1019.0,20.0,16.0,297.0,14.0,31.0,0.0,0.0,0.0,0.0,0.0,0.0
239,4.0,Northern Giant,,,,12,30.0,2010-05-15,PIM,0.0,0.0,84.0,10.0,1019.0,20.0,16.0,297.0,14.0,31.0,0.0,0.0,0.0,0.0,0.0,0.0
240,10.0,Dialed In,,,,4,4.5,2011-05-21,PIM,0.0,0.0,93.0,13.0,1015.0,20.0,15.0,275.0,6.0,39.0,0.0,0.0,0.0,0.0,0.0,0.0
241,8.0,Dance City,,,,5,12.0,2011-05-21,PIM,0.0,0.0,93.0,13.0,1015.0,20.0,15.0,275.0,6.0,39.0,0.0,0.0,0.0,0.0,0.0,0.0
242,9.0,Mucho Macho Man,,,,6,6.0,2011-05-21,PIM,0.0,0.0,93.0,13.0,1015.0,20.0,15.0,275.0,6.0,39.0,0.0,0.0,0.0,0.0,0.0,0.0
243,3.0,King Congie,,,,7,20.0,2011-05-21,PIM,0.0,0.0,93.0,13.0,1015.0,20.0,15.0,275.0,6.0,39.0,0.0,0.0,0.0,0.0,0.0,0.0
244,14.0,Mr. Commons,,,,8,20.0,2011-05-21,PIM,0.0,0.0,93.0,13.0,1015.0,20.0,15.0,275.0,6.0,39.0,0.0,0.0,0.0,0.0,0.0,0.0
245,12.0,Isn't He Perfect,,,,9,30.0,2011-05-21,PIM,0.0,0.0,93.0,13.0,1015.0,20.0,15.0,275.0,6.0,39.0,0.0,0.0,0.0,0.0,0.0,0.0
246,13.0,Concealed Identity,,,,10,30.0,2011-05-21,PIM,0.0,0.0,93.0,13.0,1015.0,20.0,15.0,275.0,6.0,39.0,0.0,0.0,0.0,0.0,0.0,0.0
247,2.0,Norman Asbjornson,,,,11,30.0,2011-05-21,PIM,0.0,0.0,93.0,13.0,1015.0,20.0,15.0,275.0,6.0,39.0,0.0,0.0,0.0,0.0,0.0,0.0
248,6.0,Sway Away,,,,12,15.0,2011-05-21,PIM,0.0,0.0,93.0,13.0,1015.0,20.0,15.0,275.0,6.0,39.0,0.0,0.0,0.0,0.0,0.0,0.0
249,7.0,Midnight Interlude,,,,13,15.0,2011-05-21,PIM,0.0,0.0,93.0,13.0,1015.0,20.0,15.0,275.0,6.0,39.0,0.0,0.0,0.0,0.0,0.0,0.0
250,4.0,Flashpoint,,,,14,20.0,2011-05-21,PIM,0.0,0.0,93.0,13.0,1015.0,20.0,15.0,275.0,6.0,39.0,0.0,0.0,0.0,0.0,0.0,0.0
251,4.0,Zetterholm,,,,0,20.0,2012-05-19,PIM,0.0,0.0,86.0,8.0,1020.0,19.0,16.0,63.0,4.0,30.0,0.0,0.0,0.0,0.0,0.0,0.0
252,2.0,Teeth of the Dog,,,,5,15.0,2012-05-19,PIM,0.0,0.0,86.0,8.0,1020.0,19.0,16.0,63.0,4.0,30.0,0.0,0.0,0.0,0.0,0.0,0.0
253,10.0,Optimizer,,,,6,30.0,2012-05-19,PIM,0.0,0.0,86.0,8.0,1020.0,19.0,16.0,63.0,4.0,30.0,0.0,0.0,0.0,0.0,0.0,0.0
254,11.0,Cozzetti,,,,7,30.0,2012-05-19,PIM,0.0,0.0,86.0,8.0,1020.0,19.0,16.0,63.0,4.0,30.0,0.0,0.0,0.0,0.0,0.0,0.0
255,1.0,Tiger Walk,,,,8,30.0,2012-05-19,PIM,0.0,0.0,86.0,8.0,1020.0,19.0,16.0,63.0,4.0,30.0,0.0,0.0,0.0,0.0,0.0,0.0
256,8.0,Daddy Nose Best,,,,9,12.0,2012-05-19,PIM,0.0,0.0,86.0,8.0,1020.0,19.0,16.0,63.0,4.0,30.0,0.0,0.0,0.0,0.0,0.0,0.0
257,5.0,Went the Day Well,,,,10,6.0,2012-05-19,PIM,0.0,0.0,86.0,8.0,1020.0,19.0,16.0,63.0,4.0,30.0,0.0,0.0,0.0,0.0,0.0,0.0
258,3.0,Pretension,,,,11,30.0,2012-05-19,PIM,0.0,0.0,86.0,8.0,1020.0,19.0,16.0,63.0,4.0,30.0,0.0,0.0,0.0,0.0,0.0,0.0
259,1.0,Orb,,,,4,1.0,2013-05-18,PIM,0.0,0.0,93.0,12.0,1023.0,17.0,14.0,128.0,12.0,48.0,0.51,1.0,0.0,0.0,0.0,0.0
260,2.0,Goldencents,,,,5,8.0,2013-05-18,PIM,0.0,0.0,93.0,12.0,1023.0,17.0,14.0,128.0,12.0,48.0,0.51,1.0,0.0,0.0,0.0,0.0
261,4.0,Departing,,,,6,6.0,2013-05-18,PIM,0.0,0.0,93.0,12.0,1023.0,17.0,14.0,128.0,12.0,48.0,0.51,1.0,0.0,0.0,0.0,0.0
262,7.0,Will Take Charge,,,,7,12.0,2013-05-18,PIM,0.0,0.0,93.0,12.0,1023.0,17.0,14.0,128.0,12.0,48.0,0.51,1.0,0.0,0.0,0.0,0.0
263,8.0,Govenor Charlie,,,,8,12.0,2013-05-18,PIM,0.0,0.0,93.0,12.0,1023.0,17.0,14.0,128.0,12.0,48.0,0.51,1.0,0.0,0.0,0.0,0.0
264,3.0,Titletown Five,,,,9,30.0,2013-05-18,PIM,0.0,0.0,93.0,12.0,1023.0,17.0,14.0,128.0,12.0,48.0,0.51,1.0,0.0,0.0,0.0,0.0
265,10.0,Ride on Curlin,,,,2,10.0,2014-05-17,PIM,0.0,0.0,86.0,5.0,1018.0,14.0,16.0,291.0,9.0,32.0,0.0,0.0,0.0,0.0,0.0,0.0
266,2.0,General a Rod,,,,4,15.0,2014-05-17,PIM,0.0,0.0,86.0,5.0,1018.0,14.0,16.0,291.0,9.0,32.0,0.0,0.0,0.0,0.0,0.0,0.0
267,4.0,Ring Weekend,,,,5,20.0,2014-05-17,PIM,0.0,0.0,86.0,5.0,1018.0,14.0,16.0,291.0,9.0,32.0,0.0,0.0,0.0,0.0,0.0,0.0
268,9.0,Pablo Del Monte,,,,6,20.0,2014-05-17,PIM,0.0,0.0,86.0,5.0,1018.0,14.0,16.0,291.0,9.0,32.0,0.0,0.0,0.0,0.0,0.0,0.0
269,1.0,Dynamic Impact,,,,7,12.0,2014-05-17,PIM,0.0,0.0,86.0,5.0,1018.0,14.0,16.0,291.0,9.0,32.0,0.0,0.0,0.0,0.0,0.0,0.0
270,7.0,Kid Cruz,,,,8,20.0,2014-05-17,PIM,0.0,0.0,86.0,5.0,1018.0,14.0,16.0,291.0,9.0,32.0,0.0,0.0,0.0,0.0,0.0,0.0
271,5.0,Bayern,,,,9,10.0,2014-05-17,PIM,0.0,0.0,86.0,5.0,1018.0,14.0,16.0,291.0,9.0,32.0,0.0,0.0,0.0,0.0,0.0,0.0
272,6.0,Ria Antonia,,,,10,30.0,2014-05-17,PIM,0.0,0.0,86.0,5.0,1018.0,14.0,16.0,291.0,9.0,32.0,0.0,0.0,0.0,0.0,0.0,0.0
273,2.0,Dortmund,,,,4,3.5,2015-05-16,PIM,0.0,0.0,93.0,16.0,1021.0,22.0,15.0,216.0,7.0,43.0,4.32,1.0,0.0,0.0,0.0,1.0
274,3.0,Mr. Z,,,,5,20.0,2015-05-16,PIM,0.0,0.0,93.0,16.0,1021.0,22.0,15.0,216.0,7.0,43.0,4.32,1.0,0.0,0.0,0.0,1.0
275,4.0,Danzig Moon,,,,6,15.0,2015-05-16,PIM,0.0,0.0,93.0,16.0,1021.0,22.0,15.0,216.0,7.0,43.0,4.32,1.0,0.0,0.0,0.0,1.0
276,8.0,Firing Line,,,,7,4.0,2015-05-16,PIM,0.0,0.0,93.0,16.0,1021.0,22.0,15.0,216.0,7.0,43.0,4.32,1.0,0.0,0.0,0.0,1.0
277,6.0,Bodhisattva,,,,8,20.0,2015-05-16,PIM,0.0,0.0,93.0,16.0,1021.0,22.0,15.0,216.0,7.0,43.0,4.32,1.0,0.0,0.0,0.0,1.0
278,3.0,Halory Hunter,,,,4,6.6,1998-05-02,CHU,,,,,,,,,,,,,,,,
279,10.0,Cape Town,,,,5,4.6,1998-05-02,CHU,,,,,,,,,,,,,,,,
280,9.0,Parade Ground,,,,6,22.3,1998-05-02,CHU,,,,,,,,,,,,,,,,
281,5.0,Hanuman Highway,,,,7,22.5,1998-05-02,CHU,,,,,,,,,,,,,,,,
282,6.0,Favorite Trick,,,,8,4.4,1998-05-02,CHU,,,,,,,,,,,,,,,,
283,1.0,Nationalore,,,,9,109.6,1998-05-02,CHU,,,,,,,,,,,,,,,,
284,13.0,Old Trieste,,,,10,32.1,1998-05-02,CHU,,,,,,,,,,,,,,,,
285,4.0,Chilito,,,,11,34.8,1998-05-02,CHU,,,,,,,,,,,,,,,,
286,15.0,Robinwould,,,,12,69.8,1998-05-02,CHU,,,,,,,,,,,,,,,,
287,11.0,Artax,,,,13,11.5,1998-05-02,CHU,,,,,,,,,,,,,,,,
288,8.0,Rock and Roll,,,,14,50.6,1998-05-02,CHU,,,,,,,,,,,,,,,,
289,14.0,Basic Trainee,,,,15,69.8,1998-05-02,CHU,,,,,,,,,,,,,,,,
290,9.0,Prime Timber,,,,4,6.3,1999-05-01,CHU,0.0,0.0,77.0,6.0,1021.0,17.0,16.0,17.0,13.0,29.0,0.0,0.0,0.0,,0.0,0.0
291,2.0,Excellent Meeting,,,,5,4.8,1999-05-01,CHU,0.0,0.0,77.0,6.0,1021.0,17.0,16.0,17.0,13.0,29.0,0.0,0.0,0.0,,0.0,0.0
292,17.0,Kimberlite Pipe,,,,6,11.6,1999-05-01,CHU,0.0,0.0,77.0,6.0,1021.0,17.0,16.0,17.0,13.0,29.0,0.0,0.0,0.0,,0.0,0.0
293,0.0,Worldly Manner,,,,7,14.5,1999-05-01,CHU,0.0,0.0,77.0,6.0,1021.0,17.0,16.0,17.0,13.0,29.0,0.0,0.0,0.0,,0.0,0.0
294,16.0,K One King,,,,8,11.6,1999-05-01,CHU,0.0,0.0,77.0,6.0,1021.0,17.0,16.0,17.0,13.0,29.0,0.0,0.0,0.0,,0.0,0.0
295,18.0,Lemon Drop Kid,,,,9,11.6,1999-05-01,CHU,0.0,0.0,77.0,6.0,1021.0,17.0,16.0,17.0,13.0,29.0,0.0,0.0,0.0,,0.0,0.0
296,7.0,Answer Lively,,,,10,37.0,1999-05-01,CHU,0.0,0.0,77.0,6.0,1021.0,17.0,16.0,17.0,13.0,29.0,0.0,0.0,0.0,,0.0,0.0
297,0.0,General Challenge,,,,11,4.8,1999-05-01,CHU,0.0,0.0,77.0,6.0,1021.0,17.0,16.0,17.0,13.0,29.0,0.0,0.0,0.0,,0.0,0.0
298,14.0,Ecton Park,,,,12,11.6,1999-05-01,CHU,0.0,0.0,77.0,6.0,1021.0,17.0,16.0,17.0,13.0,29.0,0.0,0.0,0.0,,0.0,0.0
299,6.0,Desert Hero,,,,13,19.7,1999-05-01,CHU,0.0,0.0,77.0,6.0,1021.0,17.0,16.0,17.0,13.0,29.0,0.0,0.0,0.0,,0.0,0.0
300,5.0,Stephen Got Even,,,,14,5.1,1999-05-01,CHU,0.0,0.0,77.0,6.0,1021.0,17.0,16.0,17.0,13.0,29.0,0.0,0.0,0.0,,0.0,0.0
301,15.0,Valhol,,,,15,11.6,1999-05-01,CHU,0.0,0.0,77.0,6.0,1021.0,17.0,16.0,17.0,13.0,29.0,0.0,0.0,0.0,,0.0,0.0
302,10.0,First American,,,,16,34.9,1999-05-01,CHU,0.0,0.0,77.0,6.0,1021.0,17.0,16.0,17.0,13.0,29.0,0.0,0.0,0.0,,0.0,0.0
303,3.0,Adonis,,,,17,18.7,1999-05-01,CHU,0.0,0.0,77.0,6.0,1021.0,17.0,16.0,17.0,13.0,29.0,0.0,0.0,0.0,,0.0,0.0
304,12.0,Vicar,,,,18,8.2,1999-05-01,CHU,0.0,0.0,77.0,6.0,1021.0,17.0,16.0,17.0,13.0,29.0,0.0,0.0,0.0,,0.0,0.0
305,4.0,Three Ring,,,,19,25.6,1999-05-01,CHU,0.0,0.0,77.0,6.0,1021.0,17.0,16.0,17.0,13.0,29.0,0.0,0.0,0.0,,0.0,0.0
306,9.0,More Than Ready,,,,4,11.3,2000-05-06,CHU,0.0,0.0,93.0,18.0,1019.0,22.0,14.0,173.0,11.0,52.0,0.0,0.0,0.0,,0.0,0.0
307,3.0,Wheelaway,,,,5,20.8,2000-05-06,CHU,0.0,0.0,93.0,18.0,1019.0,22.0,14.0,173.0,11.0,52.0,0.0,0.0,0.0,,0.0,0.0
308,11.0,China Visit,,,,6,23.7,2000-05-06,CHU,0.0,0.0,93.0,18.0,1019.0,22.0,14.0,173.0,11.0,52.0,0.0,0.0,0.0,,0.0,0.0
309,18.0,Curule,,,,7,23.7,2000-05-06,CHU,0.0,0.0,93.0,18.0,1019.0,22.0,14.0,173.0,11.0,52.0,0.0,0.0,0.0,,0.0,0.0
310,7.0,Captain Steve,,,,8,8.1,2000-05-06,CHU,0.0,0.0,93.0,18.0,1019.0,22.0,14.0,173.0,11.0,52.0,0.0,0.0,0.0,,0.0,0.0
311,8.0,War Chant,,,,9,9.9,2000-05-06,CHU,0.0,0.0,93.0,18.0,1019.0,22.0,14.0,173.0,11.0,52.0,0.0,0.0,0.0,,0.0,0.0
312,6.0,Deputy Warlock,,,,10,20.8,2000-05-06,CHU,0.0,0.0,93.0,18.0,1019.0,22.0,14.0,173.0,11.0,52.0,0.0,0.0,0.0,,0.0,0.0
313,5.0,Trippi,,,,11,6.2,2000-05-06,CHU,0.0,0.0,93.0,18.0,1019.0,22.0,14.0,173.0,11.0,52.0,0.0,0.0,0.0,,0.0,0.0
314,16.0,Exchange Rate,,,,12,59.2,2000-05-06,CHU,0.0,0.0,93.0,18.0,1019.0,22.0,14.0,173.0,11.0,52.0,0.0,0.0,0.0,,0.0,0.0
315,1.0,Anees,,,,13,17.1,2000-05-06,CHU,0.0,0.0,93.0,18.0,1019.0,22.0,14.0,173.0,11.0,52.0,0.0,0.0,0.0,,0.0,0.0
316,10.0,The Deputy,,,,14,4.6,2000-05-06,CHU,0.0,0.0,93.0,18.0,1019.0,22.0,14.0,173.0,11.0,52.0,0.0,0.0,0.0,,0.0,0.0
317,17.0,High Yield,,,,15,6.2,2000-05-06,CHU,0.0,0.0,93.0,18.0,1019.0,22.0,14.0,173.0,11.0,52.0,0.0,0.0,0.0,,0.0,0.0
318,4.0,Hal's Hope,,,,16,22.7,2000-05-06,CHU,0.0,0.0,93.0,18.0,1019.0,22.0,14.0,173.0,11.0,52.0,0.0,0.0,0.0,,0.0,0.0
319,12.0,Commendable,,,,17,6.2,2000-05-06,CHU,0.0,0.0,93.0,18.0,1019.0,22.0,14.0,173.0,11.0,52.0,0.0,0.0,0.0,,0.0,0.0
320,19.0,Ronton,,,,18,20.8,2000-05-06,CHU,0.0,0.0,93.0,18.0,1019.0,22.0,14.0,173.0,11.0,52.0,0.0,0.0,0.0,,0.0,0.0
321,13.0,Graeme Hall,,,,19,46.3,2000-05-06,CHU,0.0,0.0,93.0,18.0,1019.0,22.0,14.0,173.0,11.0,52.0,0.0,0.0,0.0,,0.0,0.0
322,4.0,Thunder Blitz,,,,4,25.4,2001-05-05,CHU,0.0,0.0,83.0,12.0,1018.0,22.0,15.0,160.0,3.0,32.0,0.0,0.0,0.0,,0.0,0.0
323,17.0,Point Given,,,,5,1.8,2001-05-05,CHU,0.0,0.0,83.0,12.0,1018.0,22.0,15.0,160.0,3.0,32.0,0.0,0.0,0.0,,0.0,0.0
324,15.0,Jamaican Rum,,,,6,20.2,2001-05-05,CHU,0.0,0.0,83.0,12.0,1018.0,22.0,15.0,160.0,3.0,32.0,0.0,0.0,0.0,,0.0,0.0
325,9.0,A P Valentine,,,,7,19.9,2001-05-05,CHU,0.0,0.0,83.0,12.0,1018.0,22.0,15.0,160.0,3.0,32.0,0.0,0.0,0.0,,0.0,0.0
326,6.0,Express Tour,,,,8,18.1,2001-05-05,CHU,0.0,0.0,83.0,12.0,1018.0,22.0,15.0,160.0,3.0,32.0,0.0,0.0,0.0,,0.0,0.0
327,5.0,Fifty Stars,,,,9,43.6,2001-05-05,CHU,0.0,0.0,83.0,12.0,1018.0,22.0,15.0,160.0,3.0,32.0,0.0,0.0,0.0,,0.0,0.0
328,12.0,Startac,,,,10,102.4,2001-05-05,CHU,0.0,0.0,83.0,12.0,1018.0,22.0,15.0,160.0,3.0,32.0,0.0,0.0,0.0,,0.0,0.0
329,2.0,Millennium Wind,,,,11,9.9,2001-05-05,CHU,0.0,0.0,83.0,12.0,1018.0,22.0,15.0,160.0,3.0,32.0,0.0,0.0,0.0,,0.0,0.0
330,7.0,Artic Boy,,,,12,101.2,2001-05-05,CHU,0.0,0.0,83.0,12.0,1018.0,22.0,15.0,160.0,3.0,32.0,0.0,0.0,0.0,,0.0,0.0
331,1.0,Songandaprayer,,,,13,35.9,2001-05-05,CHU,0.0,0.0,83.0,12.0,1018.0,22.0,15.0,160.0,3.0,32.0,0.0,0.0,0.0,,0.0,0.0
332,3.0,Balto Star,,,,14,8.3,2001-05-05,CHU,0.0,0.0,83.0,12.0,1018.0,22.0,15.0,160.0,3.0,32.0,0.0,0.0,0.0,,0.0,0.0
333,10.0,Dollar Bill,,,,15,6.6,2001-05-05,CHU,0.0,0.0,83.0,12.0,1018.0,22.0,15.0,160.0,3.0,32.0,0.0,0.0,0.0,,0.0,0.0
334,14.0,Keats,,,,16,95.0,2001-05-05,CHU,0.0,0.0,83.0,12.0,1018.0,22.0,15.0,160.0,3.0,32.0,0.0,0.0,0.0,,0.0,0.0
335,11.0,Talk Is Money,,,,17,47.1,2001-05-05,CHU,0.0,0.0,83.0,12.0,1018.0,22.0,15.0,160.0,3.0,32.0,0.0,0.0,0.0,,0.0,0.0
336,9.0,Medaglia d'Oro,,,,4,6.9,2002-05-04,CHU,,,,,,,,,,,,,,,,
337,7.0,Request for Parole,,,,5,29.8,2002-05-04,CHU,,,,,,,,,,,,,,,,
338,8.0,Came Home,,,,6,8.2,2002-05-04,CHU,,,,,,,,,,,,,,,,
339,15.0,Harlan's Holiday,,,,7,6.0,2002-05-04,CHU,,,,,,,,,,,,,,,,
340,1.0,Johannesburg,,,,8,8.1,2002-05-04,CHU,,,,,,,,,,,,,,,,
341,8.0,Essence of Dubai,,,,9,10.0,2002-05-04,CHU,,,,,,,,,,,,,,,,
342,16.0,Saarland,,,,10,6.9,2002-05-04,CHU,,,,,,,,,,,,,,,,
343,20.0,Blue Burner,,,,11,24.2,2002-05-04,CHU,,,,,,,,,,,,,,,,
344,12.0,Castle Gandolfo,,,,12,14.5,2002-05-04,CHU,,,,,,,,,,,,,,,,
345,19.0,Easy Grades,,,,13,43.8,2002-05-04,CHU,,,,,,,,,,,,,,,,
346,11.0,Private Emblem,,,,14,22.4,2002-05-04,CHU,,,,,,,,,,,,,,,,
347,10.0,Lusty Latin,,,,15,22.1,2002-05-04,CHU,,,,,,,,,,,,,,,,
348,18.0,It'sallinthechase,,,,16,94.5,2002-05-04,CHU,,,,,,,,,,,,,,,,
349,6.0,Ocean Sound,,,,17,48.7,2002-05-04,CHU,,,,,,,,,,,,,,,,
350,2.0,Wild Horses,,,,18,58.5,2002-05-04,CHU,,,,,,,,,,,,,,,,
351,4.0,Atswhatimtalknbout,,,,4,8.9,2003-05-03,CHU,0.0,0.0,87.0,10.0,1017.0,16.0,14.0,359.0,14.0,48.0,0.0,0.0,0.0,,0.0,0.0
352,13.0,Eye of the Tiger,,,,5,41.5,2003-05-03,CHU,0.0,0.0,87.0,10.0,1017.0,16.0,14.0,359.0,14.0,48.0,0.0,0.0,0.0,,0.0,0.0
353,8.0,Buddy Gil,,,,6,7.2,2003-05-03,CHU,0.0,0.0,87.0,10.0,1017.0,16.0,14.0,359.0,14.0,48.0,0.0,0.0,0.0,,0.0,0.0
354,15.0,Outta Here,,,,7,39.7,2003-05-03,CHU,0.0,0.0,87.0,10.0,1017.0,16.0,14.0,359.0,14.0,48.0,0.0,0.0,0.0,,0.0,0.0
355,14.0,Ten Cents a Shine,,,,8,37.2,2003-05-03,CHU,0.0,0.0,87.0,10.0,1017.0,16.0,14.0,359.0,14.0,48.0,0.0,0.0,0.0,,0.0,0.0
356,16.0,Ten Most Wanted,,,,9,6.6,2003-05-03,CHU,0.0,0.0,87.0,10.0,1017.0,16.0,14.0,359.0,14.0,48.0,0.0,0.0,0.0,,0.0,0.0
357,11.0,Domestic Dispute,,,,10,4.0,2003-05-03,CHU,0.0,0.0,87.0,10.0,1017.0,16.0,14.0,359.0,14.0,48.0,0.0,0.0,0.0,,0.0,0.0
358,17.0,Scrimshaw,,,,11,16.5,2003-05-03,CHU,0.0,0.0,87.0,10.0,1017.0,16.0,14.0,359.0,14.0,48.0,0.0,0.0,0.0,,0.0,0.0
359,7.0,Offlee Wild,,,,12,29.9,2003-05-03,CHU,0.0,0.0,87.0,10.0,1017.0,16.0,14.0,359.0,14.0,48.0,0.0,0.0,0.0,,0.0,0.0
360,1.0,Supah Blitz,,,,13,43.1,2003-05-03,CHU,0.0,0.0,87.0,10.0,1017.0,16.0,14.0,359.0,14.0,48.0,0.0,0.0,0.0,,0.0,0.0
361,9.0,Indian Express,,,,14,10.8,2003-05-03,CHU,0.0,0.0,87.0,10.0,1017.0,16.0,14.0,359.0,14.0,48.0,0.0,0.0,0.0,,0.0,0.0
362,10.0,Lone Star Sky,,,,15,52.1,2003-05-03,CHU,0.0,0.0,87.0,10.0,1017.0,16.0,14.0,359.0,14.0,48.0,0.0,0.0,0.0,,0.0,0.0
363,2.0,Brancusi,,,,16,29.3,2003-05-03,CHU,0.0,0.0,87.0,10.0,1017.0,16.0,14.0,359.0,14.0,48.0,0.0,0.0,0.0,,0.0,0.0
364,1.0,Limehouse,,,,4,41.7,2004-05-01,CHU,0.0,0.0,94.0,17.0,1013.0,20.0,13.0,275.0,11.0,64.0,12.45,1.0,0.0,,0.0,1.0
365,11.0,The Cliff's Edge,,,,5,8.2,2004-05-01,CHU,0.0,0.0,94.0,17.0,1013.0,20.0,13.0,275.0,11.0,64.0,12.45,1.0,0.0,,0.0,1.0
366,4.0,Action This Day,,,,6,43.4,2004-05-01,CHU,0.0,0.0,94.0,17.0,1013.0,20.0,13.0,275.0,11.0,64.0,12.45,1.0,0.0,,0.0,1.0
367,14.0,Read the Footnotes,,,,7,22.5,2004-05-01,CHU,0.0,0.0,94.0,17.0,1013.0,20.0,13.0,275.0,11.0,64.0,12.45,1.0,0.0,,0.0,1.0
368,13.0,Birdstone,,,,8,21.2,2004-05-01,CHU,0.0,0.0,94.0,17.0,1013.0,20.0,13.0,275.0,11.0,64.0,12.45,1.0,0.0,,0.0,1.0
369,18.0,Tapit,,,,9,6.4,2004-05-01,CHU,0.0,0.0,94.0,17.0,1013.0,20.0,13.0,275.0,11.0,64.0,12.45,1.0,0.0,,0.0,1.0
370,12.0,Borrego,,,,10,14.2,2004-05-01,CHU,0.0,0.0,94.0,17.0,1013.0,20.0,13.0,275.0,11.0,64.0,12.45,1.0,0.0,,0.0,1.0
371,2.0,Song of the Sword,,,,11,55.9,2004-05-01,CHU,0.0,0.0,94.0,17.0,1013.0,20.0,13.0,275.0,11.0,64.0,12.45,1.0,0.0,,0.0,1.0
372,8.0,Master David,,,,12,10.6,2004-05-01,CHU,0.0,0.0,94.0,17.0,1013.0,20.0,13.0,275.0,11.0,64.0,12.45,1.0,0.0,,0.0,1.0
373,19.0,Pro Prado,,,,13,53.5,2004-05-01,CHU,0.0,0.0,94.0,17.0,1013.0,20.0,13.0,275.0,11.0,64.0,12.45,1.0,0.0,,0.0,1.0
374,16.0,Castledale,,,,14,21.9,2004-05-01,CHU,0.0,0.0,94.0,17.0,1013.0,20.0,13.0,275.0,11.0,64.0,12.45,1.0,0.0,,0.0,1.0
375,6.0,Friends Lake,,,,15,18.5,2004-05-01,CHU,0.0,0.0,94.0,17.0,1013.0,20.0,13.0,275.0,11.0,64.0,12.45,1.0,0.0,,0.0,1.0
376,7.0,Minister Eric,,,,16,22.5,2004-05-01,CHU,0.0,0.0,94.0,17.0,1013.0,20.0,13.0,275.0,11.0,64.0,12.45,1.0,0.0,,0.0,1.0
377,17.0,Pollard's Vision,,,,17,24.0,2004-05-01,CHU,0.0,0.0,94.0,17.0,1013.0,20.0,13.0,275.0,11.0,64.0,12.45,1.0,0.0,,0.0,1.0
378,20.0,Quintons Gold Rush,,,,18,51.2,2004-05-01,CHU,0.0,0.0,94.0,17.0,1013.0,20.0,13.0,275.0,11.0,64.0,12.45,1.0,0.0,,0.0,1.0
379,17.0,Don't Get Mad,,,,4,29.2,2005-05-07,CHU,0.0,0.0,80.0,9.0,1018.0,18.0,15.0,250.0,10.0,36.0,0.0,0.0,0.0,0.0,0.0,0.0
380,20.0,Buzzard's Bay,,,,5,46.3,2005-05-07,CHU,0.0,0.0,80.0,9.0,1018.0,18.0,15.0,250.0,10.0,36.0,0.0,0.0,0.0,0.0,0.0,0.0
381,14.0,Wilko,,,,6,21.7,2005-05-07,CHU,0.0,0.0,80.0,9.0,1018.0,18.0,15.0,250.0,10.0,36.0,0.0,0.0,0.0,0.0,0.0,0.0
382,16.0,Bellamy Road,,,,7,2.6,2005-05-07,CHU,0.0,0.0,80.0,9.0,1018.0,18.0,15.0,250.0,10.0,36.0,0.0,0.0,0.0,0.0,0.0,0.0
383,2.0,Andromeda's Hero,,,,8,57.3,2005-05-07,CHU,0.0,0.0,80.0,9.0,1018.0,18.0,15.0,250.0,10.0,36.0,0.0,0.0,0.0,0.0,0.0,0.0
384,7.0,Flower Alley,,,,9,41.3,2005-05-07,CHU,0.0,0.0,80.0,9.0,1018.0,18.0,15.0,250.0,10.0,36.0,0.0,0.0,0.0,0.0,0.0,0.0
385,11.0,High Fly,,,,10,7.1,2005-05-07,CHU,0.0,0.0,80.0,9.0,1018.0,18.0,15.0,250.0,10.0,36.0,0.0,0.0,0.0,0.0,0.0,0.0
386,9.0,Greeley's Galaxy,,,,11,21.0,2005-05-07,CHU,0.0,0.0,80.0,9.0,1018.0,18.0,15.0,250.0,10.0,36.0,0.0,0.0,0.0,0.0,0.0,0.0
387,5.0,Coin Silver,,,,12,38.6,2005-05-07,CHU,0.0,0.0,80.0,9.0,1018.0,18.0,15.0,250.0,10.0,36.0,0.0,0.0,0.0,0.0,0.0,0.0
388,8.0,Greater Good,,,,13,58.4,2005-05-07,CHU,0.0,0.0,80.0,9.0,1018.0,18.0,15.0,250.0,10.0,36.0,0.0,0.0,0.0,0.0,0.0,0.0
389,4.0,Noble Causeway,,,,14,12.3,2005-05-07,CHU,0.0,0.0,80.0,9.0,1018.0,18.0,15.0,250.0,10.0,36.0,0.0,0.0,0.0,0.0,0.0,0.0
390,3.0,Sun King,,,,15,15.7,2005-05-07,CHU,0.0,0.0,80.0,9.0,1018.0,18.0,15.0,250.0,10.0,36.0,0.0,0.0,0.0,0.0,0.0,0.0
391,13.0,Spanish Chestnut,,,,16,71.0,2005-05-07,CHU,0.0,0.0,80.0,9.0,1018.0,18.0,15.0,250.0,10.0,36.0,0.0,0.0,0.0,0.0,0.0,0.0
392,1.0,Sort It Out,,,,17,61.9,2005-05-07,CHU,0.0,0.0,80.0,9.0,1018.0,18.0,15.0,250.0,10.0,36.0,0.0,0.0,0.0,0.0,0.0,0.0
393,19.0,Going Wild,,,,18,59.5,2005-05-07,CHU,0.0,0.0,80.0,9.0,1018.0,18.0,15.0,250.0,10.0,36.0,0.0,0.0,0.0,0.0,0.0,0.0
394,15.0,Bandini,,,,19,6.8,2005-05-07,CHU,0.0,0.0,80.0,9.0,1018.0,18.0,15.0,250.0,10.0,36.0,0.0,0.0,0.0,0.0,0.0,0.0
395,6.0,High Limit,,,,20,22.5,2005-05-07,CHU,0.0,0.0,80.0,9.0,1018.0,18.0,15.0,250.0,10.0,36.0,0.0,0.0,0.0,0.0,0.0,0.0
396,18.0,Brother Derek,,,,4,24.2,2006-05-06,CHU,0.0,0.0,71.0,6.0,1015.0,16.0,16.0,358.0,11.0,40.0,0.0,0.0,0.0,,0.0,0.0
397,1.0,Jazil,,,,4,7.7,2006-05-06,CHU,0.0,0.0,71.0,6.0,1015.0,16.0,16.0,358.0,11.0,40.0,0.0,0.0,0.0,,0.0,0.0
398,6.0,Showing Up,,,,6,26.2,2006-05-06,CHU,0.0,0.0,71.0,6.0,1015.0,16.0,16.0,358.0,11.0,40.0,0.0,0.0,0.0,,0.0,0.0
399,11.0,Sweetnorthernsaint,,,,7,5.5,2006-05-06,CHU,0.0,0.0,71.0,6.0,1015.0,16.0,16.0,358.0,11.0,40.0,0.0,0.0,0.0,,0.0,0.0
400,14.0,Deputy Glitters,,,,8,60.6,2006-05-06,CHU,0.0,0.0,71.0,6.0,1015.0,16.0,16.0,358.0,11.0,40.0,0.0,0.0,0.0,,0.0,0.0
401,5.0,Point Determined,,,,9,9.4,2006-05-06,CHU,0.0,0.0,71.0,6.0,1015.0,16.0,16.0,358.0,11.0,40.0,0.0,0.0,0.0,,0.0,0.0
402,15.0,Seaside Retreat,,,,10,52.5,2006-05-06,CHU,0.0,0.0,71.0,6.0,1015.0,16.0,16.0,358.0,11.0,40.0,0.0,0.0,0.0,,0.0,0.0
403,19.0,Storm Treasure,,,,11,51.9,2006-05-06,CHU,0.0,0.0,71.0,6.0,1015.0,16.0,16.0,358.0,11.0,40.0,0.0,0.0,0.0,,0.0,0.0
404,17.0,Lawyer Ron,,,,12,10.2,2006-05-06,CHU,0.0,0.0,71.0,6.0,1015.0,16.0,16.0,358.0,11.0,40.0,0.0,0.0,0.0,,0.0,0.0
405,16.0,Cause to Believe,,,,13,25.9,2006-05-06,CHU,0.0,0.0,71.0,6.0,1015.0,16.0,16.0,358.0,11.0,40.0,0.0,0.0,0.0,,0.0,0.0
406,20.0,Flashy Bull,,,,14,43.0,2006-05-06,CHU,0.0,0.0,71.0,6.0,1015.0,16.0,16.0,358.0,11.0,40.0,0.0,0.0,0.0,,0.0,0.0
407,12.0,Private Vow,,,,15,40.5,2006-05-06,CHU,0.0,0.0,71.0,6.0,1015.0,16.0,16.0,358.0,11.0,40.0,0.0,0.0,0.0,,0.0,0.0
408,4.0,Sinister Minister,,,,16,9.7,2006-05-06,CHU,0.0,0.0,71.0,6.0,1015.0,16.0,16.0,358.0,11.0,40.0,0.0,0.0,0.0,,0.0,0.0
409,7.0,Bob and John,,,,17,12.9,2006-05-06,CHU,0.0,0.0,71.0,6.0,1015.0,16.0,16.0,358.0,11.0,40.0,0.0,0.0,0.0,,0.0,0.0
410,10.0,A.P. Warrior,,,,18,14.1,2006-05-06,CHU,0.0,0.0,71.0,6.0,1015.0,16.0,16.0,358.0,11.0,40.0,0.0,0.0,0.0,,0.0,0.0
411,9.0,Sharp Humor,,,,19,30.1,2006-05-06,CHU,0.0,0.0,71.0,6.0,1015.0,16.0,16.0,358.0,11.0,40.0,0.0,0.0,0.0,,0.0,0.0
412,3.0,Keyed Entry,,,,20,28.8,2006-05-06,CHU,0.0,0.0,71.0,6.0,1015.0,16.0,16.0,358.0,11.0,40.0,0.0,0.0,0.0,,0.0,0.0
413,5.0,Imawildandcrazyguy,,,,4,28.9,2007-05-05,CHU,0.0,0.0,93.0,17.0,1015.0,21.0,11.0,127.0,8.0,54.0,,1.0,0.0,0.0,0.0,0.0
414,1.0,Sedgefield,,,,5,58.6,2007-05-05,CHU,0.0,0.0,93.0,17.0,1015.0,21.0,11.0,127.0,8.0,54.0,,1.0,0.0,0.0,0.0,0.0
415,16.0,Circular Quay,,,,6,11.4,2007-05-05,CHU,0.0,0.0,93.0,17.0,1015.0,21.0,11.0,127.0,8.0,54.0,,1.0,0.0,0.0,0.0,0.0
416,15.0,Tiago,,,,7,14.8,2007-05-05,CHU,0.0,0.0,93.0,17.0,1015.0,21.0,11.0,127.0,8.0,54.0,,1.0,0.0,0.0,0.0,0.0
417,18.0,Any Given Saturday,,,,8,13.6,2007-05-05,CHU,0.0,0.0,93.0,17.0,1015.0,21.0,11.0,127.0,8.0,54.0,,1.0,0.0,0.0,0.0,0.0
418,13.0,Sam P.,,,,9,43.7,2007-05-05,CHU,0.0,0.0,93.0,17.0,1015.0,21.0,11.0,127.0,8.0,54.0,,1.0,0.0,0.0,0.0,0.0
419,12.0,Nobiz Like Shobiz,,,,10,10.4,2007-05-05,CHU,0.0,0.0,93.0,17.0,1015.0,21.0,11.0,127.0,8.0,54.0,,1.0,0.0,0.0,0.0,0.0
420,19.0,Dominican,,,,11,24.9,2007-05-05,CHU,0.0,0.0,93.0,17.0,1015.0,21.0,11.0,127.0,8.0,54.0,,1.0,0.0,0.0,0.0,0.0
421,3.0,Zanjero,,,,12,36.0,2007-05-05,CHU,0.0,0.0,93.0,17.0,1015.0,21.0,11.0,127.0,8.0,54.0,,1.0,0.0,0.0,0.0,0.0
422,20.0,Great Hunter,,,,13,25.3,2007-05-05,CHU,0.0,0.0,93.0,17.0,1015.0,21.0,11.0,127.0,8.0,54.0,,1.0,0.0,0.0,0.0,0.0
423,9.0,Liquidity,,,,14,40.0,2007-05-05,CHU,0.0,0.0,93.0,17.0,1015.0,21.0,11.0,127.0,8.0,54.0,,1.0,0.0,0.0,0.0,0.0
424,11.0,Bwana Bull,,,,15,50.3,2007-05-05,CHU,0.0,0.0,93.0,17.0,1015.0,21.0,11.0,127.0,8.0,54.0,,1.0,0.0,0.0,0.0,0.0
425,4.0,Storm in May,,,,16,27.2,2007-05-05,CHU,0.0,0.0,93.0,17.0,1015.0,21.0,11.0,127.0,8.0,54.0,,1.0,0.0,0.0,0.0,0.0
426,10.0,Teuflesberg,,,,17,51.9,2007-05-05,CHU,0.0,0.0,93.0,17.0,1015.0,21.0,11.0,127.0,8.0,54.0,,1.0,0.0,0.0,0.0,0.0
427,14.0,Scat Daddy,,,,18,7.2,2007-05-05,CHU,0.0,0.0,93.0,17.0,1015.0,21.0,11.0,127.0,8.0,54.0,,1.0,0.0,0.0,0.0,0.0
428,17.0,Stormello,,,,19,44.8,2007-05-05,CHU,0.0,0.0,93.0,17.0,1015.0,21.0,11.0,127.0,8.0,54.0,,1.0,0.0,0.0,0.0,0.0
429,6.0,Cowtown Cat,,,,20,19.8,2007-05-05,CHU,0.0,0.0,93.0,17.0,1015.0,21.0,11.0,127.0,8.0,54.0,,1.0,0.0,0.0,0.0,0.0
430,1.0,Cool Coal Man,,,,15,44.0,2008-05-03,CHU,0.0,0.0,93.0,13.0,1008.0,17.0,13.0,208.0,24.0,38.0,17.53,1.0,0.0,0.0,0.0,1.0
431,2.0,Tale of Ekati,,,,4,37.0,2008-05-03,CHU,0.0,0.0,93.0,13.0,1008.0,17.0,13.0,208.0,24.0,38.0,17.53,1.0,0.0,0.0,0.0,1.0
432,3.0,Anak Nakal,,,,7,53.0,2008-05-03,CHU,0.0,0.0,93.0,13.0,1008.0,17.0,13.0,208.0,24.0,38.0,17.53,1.0,0.0,0.0,0.0,1.0
433,4.0,Court Vision,,,,13,17.0,2008-05-03,CHU,0.0,0.0,93.0,13.0,1008.0,17.0,13.0,208.0,24.0,38.0,17.53,1.0,0.0,0.0,0.0,1.0
434,6.0,Z Fortune,,,,10,19.0,2008-05-03,CHU,0.0,0.0,93.0,13.0,1008.0,17.0,13.0,208.0,24.0,38.0,17.53,1.0,0.0,0.0,0.0,1.0
435,7.0,Big Truck,,,,18,28.0,2008-05-03,CHU,0.0,0.0,93.0,13.0,1008.0,17.0,13.0,208.0,24.0,38.0,17.53,1.0,0.0,0.0,0.0,1.0
436,8.0,Visionaire,,,,12,25.0,2008-05-03,CHU,0.0,0.0,93.0,13.0,1008.0,17.0,13.0,208.0,24.0,38.0,17.53,1.0,0.0,0.0,0.0,1.0
437,9.0,Pyro,,,,8,5.0,2008-05-03,CHU,0.0,0.0,93.0,13.0,1008.0,17.0,13.0,208.0,24.0,38.0,17.53,1.0,0.0,0.0,0.0,1.0
438,10.0,Colonel John,,,,6,4.5,2008-05-03,CHU,0.0,0.0,93.0,13.0,1008.0,17.0,13.0,208.0,24.0,38.0,17.53,1.0,0.0,0.0,0.0,1.0
439,11.0,Z Humor,,,,14,63.0,2008-05-03,CHU,0.0,0.0,93.0,13.0,1008.0,17.0,13.0,208.0,24.0,38.0,17.53,1.0,0.0,0.0,0.0,1.0
440,12.0,Smooth Air,,,,11,42.0,2008-05-03,CHU,0.0,0.0,93.0,13.0,1008.0,17.0,13.0,208.0,24.0,38.0,17.53,1.0,0.0,0.0,0.0,1.0
441,13.0,Bob Black Jack,,,,16,29.0,2008-05-03,CHU,0.0,0.0,93.0,13.0,1008.0,17.0,13.0,208.0,24.0,38.0,17.53,1.0,0.0,0.0,0.0,1.0
442,14.0,Monba,,,,20,31.0,2008-05-03,CHU,0.0,0.0,93.0,13.0,1008.0,17.0,13.0,208.0,24.0,38.0,17.53,1.0,0.0,0.0,0.0,1.0
443,15.0,Adriano,,,,19,28.0,2008-05-03,CHU,0.0,0.0,93.0,13.0,1008.0,17.0,13.0,208.0,24.0,38.0,17.53,1.0,0.0,0.0,0.0,1.0
444,17.0,Cowboy Cal,,,,9,39.0,2008-05-03,CHU,0.0,0.0,93.0,13.0,1008.0,17.0,13.0,208.0,24.0,38.0,17.53,1.0,0.0,0.0,0.0,1.0
445,18.0,Recapturetheglory,,,,5,49.0,2008-05-03,CHU,0.0,0.0,93.0,13.0,1008.0,17.0,13.0,208.0,24.0,38.0,17.53,1.0,0.0,0.0,0.0,1.0
446,19.0,Gayego,,,,17,18.0,2008-05-03,CHU,0.0,0.0,93.0,13.0,1008.0,17.0,13.0,208.0,24.0,38.0,17.53,1.0,0.0,0.0,0.0,1.0
447,16.0,Pioneerof the Nile,,,,2,6.3,2009-05-02,CHU,0.0,0.0,93.0,10.0,1016.0,14.0,14.0,6.0,6.0,60.0,1.78,1.0,0.0,0.0,0.0,0.0
448,7.0,Papa Clem,,,,4,12.2,2009-05-02,CHU,0.0,0.0,93.0,10.0,1016.0,14.0,14.0,6.0,6.0,60.0,1.78,1.0,0.0,0.0,0.0,0.0
449,11.0,Chocolate Candy,,,,5,10.0,2009-05-02,CHU,0.0,0.0,93.0,10.0,1016.0,14.0,14.0,6.0,6.0,60.0,1.78,1.0,0.0,0.0,0.0,0.0
450,9.0,Make Music for Me,,,,4,50.0,2010-05-01,CHU,0.0,0.0,100.0,16.0,1008.0,21.0,11.0,175.0,22.0,43.0,33.53,1.0,0.0,0.0,0.0,1.0
451,3.0,Noble's Promise,,,,5,12.0,2010-05-01,CHU,0.0,0.0,100.0,16.0,1008.0,21.0,11.0,175.0,22.0,43.0,33.53,1.0,0.0,0.0,0.0,1.0
452,1.0,Lookin at Lucky,,,,6,3.0,2010-05-01,CHU,0.0,0.0,100.0,16.0,1008.0,21.0,11.0,175.0,22.0,43.0,33.53,1.0,0.0,0.0,0.0,1.0
453,17.0,Dublin,,,,7,12.0,2010-05-01,CHU,0.0,0.0,100.0,16.0,1008.0,21.0,11.0,175.0,22.0,43.0,33.53,1.0,0.0,0.0,0.0,1.0
454,6.0,Stately Victor,,,,8,30.0,2010-05-01,CHU,0.0,0.0,100.0,16.0,1008.0,21.0,11.0,175.0,22.0,43.0,33.53,1.0,0.0,0.0,0.0,1.0
455,14.0,Mission Impazible,,,,9,20.0,2010-05-01,CHU,0.0,0.0,100.0,16.0,1008.0,21.0,11.0,175.0,22.0,43.0,33.53,1.0,0.0,0.0,0.0,1.0
456,11.0,Devil May Care,,,,10,10.0,2010-05-01,CHU,0.0,0.0,100.0,16.0,1008.0,21.0,11.0,175.0,22.0,43.0,33.53,1.0,0.0,0.0,0.0,1.0
457,7.0,American Lion,,,,11,30.0,2010-05-01,CHU,0.0,0.0,100.0,16.0,1008.0,21.0,11.0,175.0,22.0,43.0,33.53,1.0,0.0,0.0,0.0,1.0
458,13.0,Jackson Bend,,,,12,15.0,2010-05-01,CHU,0.0,0.0,100.0,16.0,1008.0,21.0,11.0,175.0,22.0,43.0,33.53,1.0,0.0,0.0,0.0,1.0
459,15.0,Discreetly Mine,,,,13,30.0,2010-05-01,CHU,0.0,0.0,100.0,16.0,1008.0,21.0,11.0,175.0,22.0,43.0,33.53,1.0,0.0,0.0,0.0,1.0
460,8.0,Dean's Kitten,,,,14,50.0,2010-05-01,CHU,0.0,0.0,100.0,16.0,1008.0,21.0,11.0,175.0,22.0,43.0,33.53,1.0,0.0,0.0,0.0,1.0
461,12.0,Conveyance,,,,15,12.0,2010-05-01,CHU,0.0,0.0,100.0,16.0,1008.0,21.0,11.0,175.0,22.0,43.0,33.53,1.0,0.0,0.0,0.0,1.0
462,19.0,Homeboykris,,,,16,50.0,2010-05-01,CHU,0.0,0.0,100.0,16.0,1008.0,21.0,11.0,175.0,22.0,43.0,33.53,1.0,0.0,0.0,0.0,1.0
463,20.0,Sidney's Candy,,,,17,5.0,2010-05-01,CHU,0.0,0.0,100.0,16.0,1008.0,21.0,11.0,175.0,22.0,43.0,33.53,1.0,0.0,0.0,0.0,1.0
464,5.0,Line of David,,,,18,30.0,2010-05-01,CHU,0.0,0.0,100.0,16.0,1008.0,21.0,11.0,175.0,22.0,43.0,33.53,1.0,0.0,0.0,0.0,1.0
465,16.0,Awesome Act,,,,19,10.0,2010-05-01,CHU,0.0,0.0,100.0,16.0,1008.0,21.0,11.0,175.0,22.0,43.0,33.53,1.0,0.0,0.0,0.0,1.0
466,18.0,Backtalk,,,,20,50.0,2010-05-01,CHU,0.0,0.0,100.0,16.0,1008.0,21.0,11.0,175.0,22.0,43.0,33.53,1.0,0.0,0.0,0.0,1.0
467,14.0,Shackleford,,,,4,12.0,2011-05-07,CHU,0.0,0.0,83.0,10.0,1012.0,17.0,16.0,167.0,10.0,53.0,,1.0,0.0,0.0,0.0,0.0
468,11.0,Master of Hounds,,,,5,30.0,2011-05-07,CHU,0.0,0.0,83.0,10.0,1012.0,17.0,16.0,167.0,10.0,53.0,,1.0,0.0,0.0,0.0,0.0
469,12.0,Santiva,,,,6,30.0,2011-05-07,CHU,0.0,0.0,83.0,10.0,1012.0,17.0,16.0,167.0,10.0,53.0,,1.0,0.0,0.0,0.0,0.0
470,2.0,Brilliant Speed,,,,7,30.0,2011-05-07,CHU,0.0,0.0,83.0,10.0,1012.0,17.0,16.0,167.0,10.0,53.0,,1.0,0.0,0.0,0.0,0.0
471,8.0,Dialed In,,,,8,4.0,2011-05-07,CHU,0.0,0.0,83.0,10.0,1012.0,17.0,16.0,167.0,10.0,53.0,,1.0,0.0,0.0,0.0,0.0
472,7.0,Pants On Fire,,,,9,20.0,2011-05-07,CHU,0.0,0.0,83.0,10.0,1012.0,17.0,16.0,167.0,10.0,53.0,,1.0,0.0,0.0,0.0,0.0
473,3.0,Twice the Appeal,,,,10,20.0,2011-05-07,CHU,0.0,0.0,83.0,10.0,1012.0,17.0,16.0,167.0,10.0,53.0,,1.0,0.0,0.0,0.0,0.0
474,17.0,Soldat,,,,11,12.0,2011-05-07,CHU,0.0,0.0,83.0,10.0,1012.0,17.0,16.0,167.0,10.0,53.0,,1.0,0.0,0.0,0.0,0.0
475,4.0,Stay Thirsty,,,,12,20.0,2011-05-07,CHU,0.0,0.0,83.0,10.0,1012.0,17.0,16.0,167.0,10.0,53.0,,1.0,0.0,0.0,0.0,0.0
476,9.0,Derby Kitten,,,,13,30.0,2011-05-07,CHU,0.0,0.0,83.0,10.0,1012.0,17.0,16.0,167.0,10.0,53.0,,1.0,0.0,0.0,0.0,0.0
477,5.0,Decisive Moment,,,,14,30.0,2011-05-07,CHU,0.0,0.0,83.0,10.0,1012.0,17.0,16.0,167.0,10.0,53.0,,1.0,0.0,0.0,0.0,0.0
478,1.0,Archarcharch,,,,15,10.0,2011-05-07,CHU,0.0,0.0,83.0,10.0,1012.0,17.0,16.0,167.0,10.0,53.0,,1.0,0.0,0.0,0.0,0.0
479,15.0,Midnight Interlude,,,,16,10.0,2011-05-07,CHU,0.0,0.0,83.0,10.0,1012.0,17.0,16.0,167.0,10.0,53.0,,1.0,0.0,0.0,0.0,0.0
480,10.0,Twinspired,,,,17,30.0,2011-05-07,CHU,0.0,0.0,83.0,10.0,1012.0,17.0,16.0,167.0,10.0,53.0,,1.0,0.0,0.0,0.0,0.0
481,20.0,Watch Me Go,,,,18,50.0,2011-05-07,CHU,0.0,0.0,83.0,10.0,1012.0,17.0,16.0,167.0,10.0,53.0,,1.0,0.0,0.0,0.0,0.0
482,6.0,Comma To The Top,,,,19,30.0,2011-05-07,CHU,0.0,0.0,83.0,10.0,1012.0,17.0,16.0,167.0,10.0,53.0,,1.0,0.0,0.0,0.0,0.0
483,13.0,Went The Day Well,,,,4,20.0,2012-05-05,CHU,0.0,0.0,93.0,18.0,1013.0,23.0,14.0,257.0,8.0,55.0,37.08,1.0,0.0,0.0,0.0,1.0
484,8.0,Creative Cause,,,,5,12.0,2012-05-05,CHU,0.0,0.0,93.0,18.0,1013.0,23.0,14.0,257.0,8.0,55.0,37.08,1.0,0.0,0.0,0.0,1.0
485,20.0,Liaison,,,,6,50.0,2012-05-05,CHU,0.0,0.0,93.0,18.0,1013.0,23.0,14.0,257.0,8.0,55.0,37.08,1.0,0.0,0.0,0.0,1.0
486,4.0,Union Rags,,,,7,4.5,2012-05-05,CHU,0.0,0.0,93.0,18.0,1013.0,23.0,14.0,257.0,8.0,55.0,37.08,1.0,0.0,0.0,0.0,1.0
487,7.0,Rousing Sermon,,,,8,50.0,2012-05-05,CHU,0.0,0.0,93.0,18.0,1013.0,23.0,14.0,257.0,8.0,55.0,37.08,1.0,0.0,0.0,0.0,1.0
488,14.0,Hansen,,,,9,10.0,2012-05-05,CHU,0.0,0.0,93.0,18.0,1013.0,23.0,14.0,257.0,8.0,55.0,37.08,1.0,0.0,0.0,0.0,1.0
489,10.0,Daddy Nose Best,,,,10,15.0,2012-05-05,CHU,0.0,0.0,93.0,18.0,1013.0,23.0,14.0,257.0,8.0,55.0,37.08,1.0,0.0,0.0,0.0,1.0
490,2.0,Optimizer,,,,11,50.0,2012-05-05,CHU,0.0,0.0,93.0,18.0,1013.0,23.0,14.0,257.0,8.0,55.0,37.08,1.0,0.0,0.0,0.0,1.0
491,11.0,Alpha,,,,12,15.0,2012-05-05,CHU,0.0,0.0,93.0,18.0,1013.0,23.0,14.0,257.0,8.0,55.0,37.08,1.0,0.0,0.0,0.0,1.0
492,16.0,El Padrino,,,,13,20.0,2012-05-05,CHU,0.0,0.0,93.0,18.0,1013.0,23.0,14.0,257.0,8.0,55.0,37.08,1.0,0.0,0.0,0.0,1.0
493,17.0,Done Talking,,,,14,50.0,2012-05-05,CHU,0.0,0.0,93.0,18.0,1013.0,23.0,14.0,257.0,8.0,55.0,37.08,1.0,0.0,0.0,0.0,1.0
494,18.0,Sabercat,,,,15,30.0,2012-05-05,CHU,0.0,0.0,93.0,18.0,1013.0,23.0,14.0,257.0,8.0,55.0,37.08,1.0,0.0,0.0,0.0,1.0
495,15.0,Gemologist,,,,16,6.0,2012-05-05,CHU,0.0,0.0,93.0,18.0,1013.0,23.0,14.0,257.0,8.0,55.0,37.08,1.0,0.0,0.0,0.0,1.0
496,9.0,Trinniberg,,,,17,50.0,2012-05-05,CHU,0.0,0.0,93.0,18.0,1013.0,23.0,14.0,257.0,8.0,55.0,37.08,1.0,0.0,0.0,0.0,1.0
497,12.0,Prospective,,,,18,30.0,2012-05-05,CHU,0.0,0.0,93.0,18.0,1013.0,23.0,14.0,257.0,8.0,55.0,37.08,1.0,0.0,0.0,0.0,1.0
498,3.0,Take Charge Indy,,,,19,15.0,2012-05-05,CHU,0.0,0.0,93.0,18.0,1013.0,23.0,14.0,257.0,8.0,55.0,37.08,1.0,0.0,0.0,0.0,1.0
499,1.0,Daddy Long Legs,,,,0,30.0,2012-05-05,CHU,0.0,0.0,93.0,18.0,1013.0,23.0,14.0,257.0,8.0,55.0,37.08,1.0,0.0,0.0,0.0,1.0
500,5.0,Normandy Invasion,,,,4,12.0,2013-05-04,CHU,0.0,0.0,93.0,11.0,1014.0,15.0,12.0,117.0,12.0,52.0,22.1,1.0,0.0,0.0,0.0,0.0
501,6.0,Mylute,,,,5,15.0,2013-05-04,CHU,0.0,0.0,93.0,11.0,1014.0,15.0,12.0,117.0,12.0,52.0,22.1,1.0,0.0,0.0,0.0,0.0
502,2.0,Oxbow,,,,6,30.0,2013-05-04,CHU,0.0,0.0,93.0,11.0,1014.0,15.0,12.0,117.0,12.0,52.0,22.1,1.0,0.0,0.0,0.0,0.0
503,11.0,Lines of Battle,,,,7,30.0,2013-05-04,CHU,0.0,0.0,93.0,11.0,1014.0,15.0,12.0,117.0,12.0,52.0,22.1,1.0,0.0,0.0,0.0,0.0
504,17.0,Will Take Charge,,,,8,20.0,2013-05-04,CHU,0.0,0.0,93.0,11.0,1014.0,15.0,12.0,117.0,12.0,52.0,22.1,1.0,0.0,0.0,0.0,0.0
505,15.0,Charming Kitten,,,,9,20.0,2013-05-04,CHU,0.0,0.0,93.0,11.0,1014.0,15.0,12.0,117.0,12.0,52.0,22.1,1.0,0.0,0.0,0.0,0.0
506,7.0,Giant Finish,,,,10,50.0,2013-05-04,CHU,0.0,0.0,93.0,11.0,1014.0,15.0,12.0,117.0,12.0,52.0,22.1,1.0,0.0,0.0,0.0,0.0
507,9.0,Overanalyze,,,,11,15.0,2013-05-04,CHU,0.0,0.0,93.0,11.0,1014.0,15.0,12.0,117.0,12.0,52.0,22.1,1.0,0.0,0.0,0.0,0.0
508,10.0,Palace Malice,,,,12,20.0,2013-05-04,CHU,0.0,0.0,93.0,11.0,1014.0,15.0,12.0,117.0,12.0,52.0,22.1,1.0,0.0,0.0,0.0,0.0
509,19.0,Java's War,,,,13,15.0,2013-05-04,CHU,0.0,0.0,93.0,11.0,1014.0,15.0,12.0,117.0,12.0,52.0,22.1,1.0,0.0,0.0,0.0,0.0
510,14.0,Verrazano,,,,14,4.0,2013-05-04,CHU,0.0,0.0,93.0,11.0,1014.0,15.0,12.0,117.0,12.0,52.0,22.1,1.0,0.0,0.0,0.0,0.0
511,12.0,Itsmyluckyday,,,,15,15.0,2013-05-04,CHU,0.0,0.0,93.0,11.0,1014.0,15.0,12.0,117.0,12.0,52.0,22.1,1.0,0.0,0.0,0.0,0.0
512,18.0,Frac Daddy,,,,16,50.0,2013-05-04,CHU,0.0,0.0,93.0,11.0,1014.0,15.0,12.0,117.0,12.0,52.0,22.1,1.0,0.0,0.0,0.0,0.0
513,8.0,Goldencents,,,,17,5.0,2013-05-04,CHU,0.0,0.0,93.0,11.0,1014.0,15.0,12.0,117.0,12.0,52.0,22.1,1.0,0.0,0.0,0.0,0.0
514,20.0,Vyjack,,,,18,50.0,2013-05-04,CHU,0.0,0.0,93.0,11.0,1014.0,15.0,12.0,117.0,12.0,52.0,22.1,1.0,0.0,0.0,0.0,0.0
515,13.0,Falling Sky,,,,19,50.0,2013-05-04,CHU,0.0,0.0,93.0,11.0,1014.0,15.0,12.0,117.0,12.0,52.0,22.1,1.0,0.0,0.0,0.0,0.0
516,1.0,Black Onyx,,,,0,50.0,2013-05-04,CHU,0.0,0.0,93.0,11.0,1014.0,15.0,12.0,117.0,12.0,52.0,22.1,1.0,0.0,0.0,0.0,0.0
517,0.0,Fear the Kitten,,,,0,0.0,2013-05-04,CHU,0.0,0.0,93.0,11.0,1014.0,15.0,12.0,117.0,12.0,52.0,22.1,1.0,0.0,0.0,0.0,0.0
518,20.0,Wicked Strong,,,,4,8.0,2014-05-03,CHU,0.0,0.0,89.0,4.0,1013.0,15.0,16.0,237.0,16.0,26.0,0.0,0.0,0.0,0.0,0.0,0.0
519,6.0,Samraat,,,,5,15.0,2014-05-03,CHU,0.0,0.0,89.0,4.0,1013.0,15.0,16.0,237.0,16.0,26.0,0.0,0.0,0.0,0.0,0.0,0.0
520,12.0,Dance With Fate,,,,6,20.0,2014-05-03,CHU,0.0,0.0,89.0,4.0,1013.0,15.0,16.0,237.0,16.0,26.0,0.0,0.0,0.0,0.0,0.0,0.0
521,19.0,Ride On Curlin,,,,7,15.0,2014-05-03,CHU,0.0,0.0,89.0,4.0,1013.0,15.0,16.0,237.0,16.0,26.0,0.0,0.0,0.0,0.0,0.0,0.0
522,14.0,Medal Count,,,,8,20.0,2014-05-03,CHU,0.0,0.0,89.0,4.0,1013.0,15.0,16.0,237.0,16.0,26.0,0.0,0.0,0.0,0.0,0.0,0.0
523,13.0,Chitu,,,,9,20.0,2014-05-03,CHU,0.0,0.0,89.0,4.0,1013.0,15.0,16.0,237.0,16.0,26.0,0.0,0.0,0.0,0.0,0.0,0.0
524,7.0,We Miss Artie,,,,10,50.0,2014-05-03,CHU,0.0,0.0,89.0,4.0,1013.0,15.0,16.0,237.0,16.0,26.0,0.0,0.0,0.0,0.0,0.0,0.0
525,8.0,General A Rod,,,,11,15.0,2014-05-03,CHU,0.0,0.0,89.0,4.0,1013.0,15.0,16.0,237.0,16.0,26.0,0.0,0.0,0.0,0.0,0.0,0.0
526,16.0,Intense Holiday,,,,12,12.0,2014-05-03,CHU,0.0,0.0,89.0,4.0,1013.0,15.0,16.0,237.0,16.0,26.0,0.0,0.0,0.0,0.0,0.0,0.0
527,18.0,Candy Boy,,,,13,20.0,2014-05-03,CHU,0.0,0.0,89.0,4.0,1013.0,15.0,16.0,237.0,16.0,26.0,0.0,0.0,0.0,0.0,0.0,0.0
528,3.0,Uncle Sigh,,,,14,30.0,2014-05-03,CHU,0.0,0.0,89.0,4.0,1013.0,15.0,16.0,237.0,16.0,26.0,0.0,0.0,0.0,0.0,0.0,0.0
529,15.0,Tapiture,,,,15,15.0,2014-05-03,CHU,0.0,0.0,89.0,4.0,1013.0,15.0,16.0,237.0,16.0,26.0,0.0,0.0,0.0,0.0,0.0,0.0
530,2.0,Harry's Holiday,,,,16,50.0,2014-05-03,CHU,0.0,0.0,89.0,4.0,1013.0,15.0,16.0,237.0,16.0,26.0,0.0,0.0,0.0,0.0,0.0,0.0
531,9.0,Vinceremos,,,,17,30.0,2014-05-03,CHU,0.0,0.0,89.0,4.0,1013.0,15.0,16.0,237.0,16.0,26.0,0.0,0.0,0.0,0.0,0.0,0.0
532,10.0,Wildcat Red,,,,18,15.0,2014-05-03,CHU,0.0,0.0,89.0,4.0,1013.0,15.0,16.0,237.0,16.0,26.0,0.0,0.0,0.0,0.0,0.0,0.0
533,1.0,Vicar's In Trouble,,,,19,30.0,2014-05-03,CHU,0.0,0.0,89.0,4.0,1013.0,15.0,16.0,237.0,16.0,26.0,0.0,0.0,0.0,0.0,0.0,0.0
534,11.0,Hoppertunity,,,,0,0.0,2014-05-03,CHU,0.0,0.0,89.0,4.0,1013.0,15.0,16.0,237.0,16.0,26.0,0.0,0.0,0.0,0.0,0.0,0.0
535,0.0,Pablo del Monte,,,,0,0.0,2014-05-03,CHU,0.0,0.0,89.0,4.0,1013.0,15.0,16.0,237.0,16.0,26.0,0.0,0.0,0.0,0.0,0.0,0.0
536,15.0,Frosted,,,,4,15.0,2015-05-02,CHU,0.0,0.0,77.0,7.0,1019.0,19.0,16.0,213.0,4.0,29.0,0.0,0.0,0.0,0.0,0.0,0.0
537,5.0,Danzig Moon,,,,5,30.0,2015-05-02,CHU,0.0,0.0,77.0,7.0,1019.0,19.0,16.0,213.0,4.0,29.0,0.0,0.0,0.0,0.0,0.0,0.0
538,3.0,Materiality,,,,6,12.0,2015-05-02,CHU,0.0,0.0,77.0,7.0,1019.0,19.0,16.0,213.0,4.0,29.0,0.0,0.0,0.0,0.0,0.0,0.0
539,14.0,Keen Ice,,,,7,50.0,2015-05-02,CHU,0.0,0.0,77.0,7.0,1019.0,19.0,16.0,213.0,4.0,29.0,0.0,0.0,0.0,0.0,0.0,0.0
540,6.0,Mubtaahij,,,,8,20.0,2015-05-02,CHU,0.0,0.0,77.0,7.0,1019.0,19.0,16.0,213.0,4.0,29.0,0.0,0.0,0.0,0.0,0.0,0.0
541,13.0,Itsaknockout,,,,9,30.0,2015-05-02,CHU,0.0,0.0,77.0,7.0,1019.0,19.0,16.0,213.0,4.0,29.0,0.0,0.0,0.0,0.0,0.0,0.0
542,2.0,Carpe Diem,,,,10,8.0,2015-05-02,CHU,0.0,0.0,77.0,7.0,1019.0,19.0,16.0,213.0,4.0,29.0,0.0,0.0,0.0,0.0,0.0,0.0
543,21.0,Frammento,,,,11,50.0,2015-05-02,CHU,0.0,0.0,77.0,7.0,1019.0,19.0,16.0,213.0,4.0,29.0,0.0,0.0,0.0,0.0,0.0,0.0
544,9.0,Bolo,,,,12,30.0,2015-05-02,CHU,0.0,0.0,77.0,7.0,1019.0,19.0,16.0,213.0,4.0,29.0,0.0,0.0,0.0,0.0,0.0,0.0
545,17.0,Mr. Z,,,,13,50.0,2015-05-02,CHU,0.0,0.0,77.0,7.0,1019.0,19.0,16.0,213.0,4.0,29.0,0.0,0.0,0.0,0.0,0.0,0.0
546,1.0,Ocho Ocho Ocho,,,,14,50.0,2015-05-02,CHU,0.0,0.0,77.0,7.0,1019.0,19.0,16.0,213.0,4.0,29.0,0.0,0.0,0.0,0.0,0.0,0.0
547,20.0,Far Right,,,,15,30.0,2015-05-02,CHU,0.0,0.0,77.0,7.0,1019.0,19.0,16.0,213.0,4.0,29.0,0.0,0.0,0.0,0.0,0.0,0.0
548,16.0,War Story,,,,16,50.0,2015-05-02,CHU,0.0,0.0,77.0,7.0,1019.0,19.0,16.0,213.0,4.0,29.0,0.0,0.0,0.0,0.0,0.0,0.0
549,4.0,Tencendur,,,,17,30.0,2015-05-02,CHU,0.0,0.0,77.0,7.0,1019.0,19.0,16.0,213.0,4.0,29.0,0.0,0.0,0.0,0.0,0.0,0.0
550,19.0,Upstart,,,,18,15.0,2015-05-02,CHU,0.0,0.0,77.0,7.0,1019.0,19.0,16.0,213.0,4.0,29.0,0.0,0.0,0.0,0.0,0.0,0.0
551,12.0,International Star,,,,0,0.0,2015-05-02,CHU,0.0,0.0,77.0,7.0,1019.0,19.0,16.0,213.0,4.0,29.0,0.0,0.0,0.0,0.0,0.0,0.0
552,7.0,El Kabeir,,,,0,0.0,2015-05-02,CHU,0.0,0.0,77.0,7.0,1019.0,19.0,16.0,213.0,4.0,29.0,0.0,0.0,0.0,0.0,0.0,0.0
553,11.0,Stanford,,,,0,0.0,2015-05-02,CHU,0.0,0.0,77.0,7.0,1019.0,19.0,16.0,213.0,4.0,29.0,0.0,0.0,0.0,0.0,0.0,0.0
554,8.0,Jazil,,,,1,6.0,2006-06-10,BEL,0.0,0.0,75.0,8.0,1003.0,17.0,16.0,296.0,31.0,43.0,0.0,0.0,0.0,,0.0,0.0
555,9.0,Bluegrass Cat,,,,2,5.0,2006-06-10,BEL,0.0,0.0,75.0,8.0,1003.0,17.0,16.0,296.0,31.0,43.0,0.0,0.0,0.0,,0.0,0.0
556,2.0,Sunriver,,,,3,6.0,2006-06-10,BEL,0.0,0.0,75.0,8.0,1003.0,17.0,16.0,296.0,31.0,43.0,0.0,0.0,0.0,,0.0,0.0
557,11.0,Steppenwolfer,,,,4,5.0,2006-06-10,BEL,0.0,0.0,75.0,8.0,1003.0,17.0,16.0,296.0,31.0,43.0,0.0,0.0,0.0,,0.0,0.0
558,6.0,Oh So Awesome,,,,5,12.0,2006-06-10,BEL,0.0,0.0,75.0,8.0,1003.0,17.0,16.0,296.0,31.0,43.0,0.0,0.0,0.0,,0.0,0.0
559,3.0,Hemingway's Key,,,,6,15.0,2006-06-10,BEL,0.0,0.0,75.0,8.0,1003.0,17.0,16.0,296.0,31.0,43.0,0.0,0.0,0.0,,0.0,0.0
560,1.0,Platinum Couple,,,,7,38.0,2006-06-10,BEL,0.0,0.0,75.0,8.0,1003.0,17.0,16.0,296.0,31.0,43.0,0.0,0.0,0.0,,0.0,0.0
561,4.0,Bob and John,,,,8,4.5,2006-06-10,BEL,0.0,0.0,75.0,8.0,1003.0,17.0,16.0,296.0,31.0,43.0,0.0,0.0,0.0,,0.0,0.0
562,12.0,Sacred Light,,,,9,20.0,2006-06-10,BEL,0.0,0.0,75.0,8.0,1003.0,17.0,16.0,296.0,31.0,43.0,0.0,0.0,0.0,,0.0,0.0
563,5.0,High Finance,,,,10,10.0,2006-06-10,BEL,0.0,0.0,75.0,8.0,1003.0,17.0,16.0,296.0,31.0,43.0,0.0,0.0,0.0,,0.0,0.0
564,7.0,Deputy Glitters,,,,11,12.0,2006-06-10,BEL,0.0,0.0,75.0,8.0,1003.0,17.0,16.0,296.0,31.0,43.0,0.0,0.0,0.0,,0.0,0.0
565,10.0,Double Galore,,,,12,15.0,2006-06-10,BEL,0.0,0.0,75.0,8.0,1003.0,17.0,16.0,296.0,31.0,43.0,0.0,0.0,0.0,,0.0,0.0
566,6.0,Hard Spun,,,,4,2.5,2007-06-09,BEL,0.0,0.0,93.0,17.0,1012.0,23.0,11.0,56.0,18.0,54.0,,1.0,0.0,0.0,0.0,0.0
567,4.0,C P West,,,,5,12.0,2007-06-09,BEL,0.0,0.0,93.0,17.0,1012.0,23.0,11.0,56.0,18.0,54.0,,1.0,0.0,0.0,0.0,0.0
568,1.0,Imawildandcrazyguy,,,,6,20.0,2007-06-09,BEL,0.0,0.0,93.0,17.0,1012.0,23.0,11.0,56.0,18.0,54.0,,1.0,0.0,0.0,0.0,0.0
569,5.0,Slew's Tizzy,,,,7,20.0,2007-06-09,BEL,0.0,0.0,93.0,17.0,1012.0,23.0,11.0,56.0,18.0,54.0,,1.0,0.0,0.0,0.0,0.0
570,8.0,Anak Nakal,,,,0,34.0,2008-06-07,BEL,0.0,0.0,90.0,17.0,1017.0,23.0,11.0,196.0,11.0,44.0,0.0,0.0,0.0,0.0,0.0,1.0
571,9.0,Ready's Echo,,,,0,29.0,2008-06-07,BEL,0.0,0.0,90.0,17.0,1017.0,23.0,11.0,196.0,11.0,44.0,0.0,0.0,0.0,0.0,0.0,1.0
572,3.0,Macho Again,,,,5,17.0,2008-06-07,BEL,0.0,0.0,90.0,17.0,1017.0,23.0,11.0,196.0,11.0,44.0,0.0,0.0,0.0,0.0,0.0,1.0
573,7.0,Tale of Ekati,,,,6,14.0,2008-06-07,BEL,0.0,0.0,90.0,17.0,1017.0,23.0,11.0,196.0,11.0,44.0,0.0,0.0,0.0,0.0,0.0,1.0
574,2.0,Guadalcanal,,,,7,25.0,2008-06-07,BEL,0.0,0.0,90.0,17.0,1017.0,23.0,11.0,196.0,11.0,44.0,0.0,0.0,0.0,0.0,0.0,1.0
575,10.0,Icabad Crane,,,,8,17.0,2008-06-07,BEL,0.0,0.0,90.0,17.0,1017.0,23.0,11.0,196.0,11.0,44.0,0.0,0.0,0.0,0.0,0.0,1.0
576,1.0,Big Brown,,,,9,0.25,2008-06-07,BEL,0.0,0.0,90.0,17.0,1017.0,23.0,11.0,196.0,11.0,44.0,0.0,0.0,0.0,0.0,0.0,1.0
577,5.0,Casino Drive[6],,,,0,3.5,2008-06-07,BEL,0.0,0.0,90.0,17.0,1017.0,23.0,11.0,196.0,11.0,44.0,0.0,0.0,0.0,0.0,0.0,1.0
578,6.0,Charitable Man,,,,4,17.0,2009-06-06,BEL,0.0,0.0,93.0,14.0,1013.0,19.0,16.0,290.0,14.0,61.0,0.0,0.0,0.0,0.0,0.0,0.0
579,5.0,Luv Gov,,,,5,28.0,2009-06-06,BEL,0.0,0.0,93.0,14.0,1013.0,19.0,16.0,290.0,14.0,61.0,0.0,0.0,0.0,0.0,0.0,0.0
580,8.0,Game On Dude,,,,4,10.0,2010-06-05,BEL,0.0,0.0,84.0,19.0,1006.0,27.0,14.0,234.0,21.0,41.0,0.0,0.0,0.0,0.0,0.0,0.0
581,10.0,Stay Put,,,,5,20.0,2010-06-05,BEL,0.0,0.0,84.0,19.0,1006.0,27.0,14.0,234.0,21.0,41.0,0.0,0.0,0.0,0.0,0.0,0.0
582,12.0,Interactif,,,,6,12.0,2010-06-05,BEL,0.0,0.0,84.0,19.0,1006.0,27.0,14.0,234.0,21.0,41.0,0.0,0.0,0.0,0.0,0.0,0.0
583,9.0,Stately Victor,,,,7,15.0,2010-06-05,BEL,0.0,0.0,84.0,19.0,1006.0,27.0,14.0,234.0,21.0,41.0,0.0,0.0,0.0,0.0,0.0,0.0
584,6.0,Ice Box,,,,8,3.0,2010-06-05,BEL,0.0,0.0,84.0,19.0,1006.0,27.0,14.0,234.0,21.0,41.0,0.0,0.0,0.0,0.0,0.0,0.0
585,4.0,Make Music For Me,,,,9,10.0,2010-06-05,BEL,0.0,0.0,84.0,19.0,1006.0,27.0,14.0,234.0,21.0,41.0,0.0,0.0,0.0,0.0,0.0,0.0
586,1.0,Dave in Dixie,,,,10,20.0,2010-06-05,BEL,0.0,0.0,84.0,19.0,1006.0,27.0,14.0,234.0,21.0,41.0,0.0,0.0,0.0,0.0,0.0,0.0
587,2.0,Spangled Star,,,,11,30.0,2010-06-05,BEL,0.0,0.0,84.0,19.0,1006.0,27.0,14.0,234.0,21.0,41.0,0.0,0.0,0.0,0.0,0.0,0.0
588,3.0,Uptowncharlybrown,,,,0,10.0,2010-06-05,BEL,0.0,0.0,84.0,19.0,1006.0,27.0,14.0,234.0,21.0,41.0,0.0,0.0,0.0,0.0,0.0,0.0
589,6.0,Nehro,,,,4,4.0,2011-06-01,BEL,,,,,,,,,,,,,,,,
590,12.0,Shackleford,,,,5,4.5,2011-06-01,BEL,,,,,,,,,,,,,,,,
591,9.0,Animal Kingdom,,,,6,2.0,2011-06-01,BEL,,,,,,,,,,,,,,,,
592,10.0,Mucho Macho Man,,,,7,10.0,2011-06-01,BEL,,,,,,,,,,,,,,,,
593,4.0,Santiva,,,,8,15.0,2011-06-01,BEL,,,,,,,,,,,,,,,,
594,7.0,Monzon,,,,9,30.0,2011-06-01,BEL,,,,,,,,,,,,,,,,
595,1.0,Master of Hounds,,,,10,10.0,2011-06-01,BEL,,,,,,,,,,,,,,,,
596,8.0,Prime Cut,,,,11,15.0,2011-06-01,BEL,,,,,,,,,,,,,,,,
597,11.0,Isn't He Perfect,,,,12,30.0,2011-06-01,BEL,,,,,,,,,,,,,,,,
598,1.0,Street Life,,,,4,12.0,2012-06-09,BEL,0.0,0.0,87.0,14.0,1013.0,22.0,16.0,257.0,9.0,47.0,,0.0,0.0,0.0,0.0,0.0
599,7.0,Five Sixteen,,,,5,50.0,2012-06-09,BEL,0.0,0.0,87.0,14.0,1013.0,22.0,16.0,257.0,9.0,47.0,,0.0,0.0,0.0,0.0,0.0
600,2.0,Unstoppable U,,,,6,30.0,2012-06-09,BEL,0.0,0.0,87.0,14.0,1013.0,22.0,16.0,257.0,9.0,47.0,,0.0,0.0,0.0,0.0,0.0
601,5.0,Dullahan,,,,7,5.0,2012-06-09,BEL,0.0,0.0,87.0,14.0,1013.0,22.0,16.0,257.0,9.0,47.0,,0.0,0.0,0.0,0.0,0.0
602,11.0,My Adonis,,,,8,20.0,2012-06-09,BEL,0.0,0.0,87.0,14.0,1013.0,22.0,16.0,257.0,9.0,47.0,,0.0,0.0,0.0,0.0,0.0
603,6.0,Ravelo's Boy,,,,9,50.0,2012-06-09,BEL,0.0,0.0,87.0,14.0,1013.0,22.0,16.0,257.0,9.0,47.0,,0.0,0.0,0.0,0.0,0.0
604,10.0,Optimizer,,,,10,20.0,2012-06-09,BEL,0.0,0.0,87.0,14.0,1013.0,22.0,16.0,257.0,9.0,47.0,,0.0,0.0,0.0,0.0,0.0
605,8.0,Guyana Star Dweej,,,,0,50.0,2012-06-09,BEL,0.0,0.0,87.0,14.0,1013.0,22.0,16.0,257.0,9.0,47.0,,0.0,0.0,0.0,0.0,0.0
606,11.0,I'll Have Another,,,,0,0.8,2012-06-09,BEL,0.0,0.0,87.0,14.0,1013.0,22.0,16.0,257.0,9.0,47.0,,0.0,0.0,0.0,0.0,0.0
607,6.0,Incognito,,,,4,20.0,2013-06-08,BEL,0.0,0.0,97.0,15.0,1010.0,19.0,13.0,279.0,18.0,60.0,9.65,1.0,0.0,0.0,0.0,0.0
608,9.0,Revolutionary,,,,5,4.5,2013-06-08,BEL,0.0,0.0,97.0,15.0,1010.0,19.0,13.0,279.0,18.0,60.0,9.65,1.0,0.0,0.0,0.0,0.0
609,13.0,Unlimited Budget,,,,6,8.0,2013-06-08,BEL,0.0,0.0,97.0,15.0,1010.0,19.0,13.0,279.0,18.0,60.0,9.65,1.0,0.0,0.0,0.0,0.0
610,3.0,Overanalyze,,,,7,12.0,2013-06-08,BEL,0.0,0.0,97.0,15.0,1010.0,19.0,13.0,279.0,18.0,60.0,9.65,1.0,0.0,0.0,0.0,0.0
611,11.0,Vyjack,,,,8,20.0,2013-06-08,BEL,0.0,0.0,97.0,15.0,1010.0,19.0,13.0,279.0,18.0,60.0,9.65,1.0,0.0,0.0,0.0,0.0
612,14.0,Golden Soul,,,,9,10.0,2013-06-08,BEL,0.0,0.0,97.0,15.0,1010.0,19.0,13.0,279.0,18.0,60.0,9.65,1.0,0.0,0.0,0.0,0.0
613,10.0,Will Take Charge,,,,10,20.0,2013-06-08,BEL,0.0,0.0,97.0,15.0,1010.0,19.0,13.0,279.0,18.0,60.0,9.65,1.0,0.0,0.0,0.0,0.0
614,4.0,Giant Finish,,,,11,30.0,2013-06-08,BEL,0.0,0.0,97.0,15.0,1010.0,19.0,13.0,279.0,18.0,60.0,9.65,1.0,0.0,0.0,0.0,0.0
615,8.0,Midnight Taboo,,,,12,30.0,2013-06-08,BEL,0.0,0.0,97.0,15.0,1010.0,19.0,13.0,279.0,18.0,60.0,9.65,1.0,0.0,0.0,0.0,0.0
616,2.0,Freedom Child,,,,13,8.0,2013-06-08,BEL,0.0,0.0,97.0,15.0,1010.0,19.0,13.0,279.0,18.0,60.0,9.65,1.0,0.0,0.0,0.0,0.0
617,1.0,Frac Daddy,,,,14,30.0,2013-06-08,BEL,0.0,0.0,97.0,15.0,1010.0,19.0,13.0,279.0,18.0,60.0,9.65,1.0,0.0,0.0,0.0,0.0
618,2.0,California Chrome,,,,4,0.6,2014-06-07,BEL,0.0,0.0,68.0,12.0,1015.0,22.0,16.0,257.0,13.0,36.0,0.0,0.0,0.0,0.0,0.0,0.0
619,9.0,Wicked Strong,,,,4,6.0,2014-06-07,BEL,0.0,0.0,68.0,12.0,1015.0,22.0,16.0,257.0,13.0,36.0,0.0,0.0,0.0,0.0,0.0,0.0
620,7.0,Samraat,,,,6,20.0,2014-06-07,BEL,0.0,0.0,68.0,12.0,1015.0,22.0,16.0,257.0,13.0,36.0,0.0,0.0,0.0,0.0,0.0,0.0
621,10.0,General a Rod,,,,7,20.0,2014-06-07,BEL,0.0,0.0,68.0,12.0,1015.0,22.0,16.0,257.0,13.0,36.0,0.0,0.0,0.0,0.0,0.0,0.0
622,3.0,Matterhorn,,,,8,30.0,2014-06-07,BEL,0.0,0.0,68.0,12.0,1015.0,22.0,16.0,257.0,13.0,36.0,0.0,0.0,0.0,0.0,0.0,0.0
623,4.0,Commanding Curve,,,,9,15.0,2014-06-07,BEL,0.0,0.0,68.0,12.0,1015.0,22.0,16.0,257.0,13.0,36.0,0.0,0.0,0.0,0.0,0.0,0.0
624,6.0,Matuszak,,,,0,30.0,2014-06-07,BEL,0.0,0.0,68.0,12.0,1015.0,22.0,16.0,257.0,13.0,36.0,0.0,0.0,0.0,0.0,0.0,0.0
625,5.0,Ride On Curlin,,,,0,12.0,2014-06-07,BEL,0.0,0.0,68.0,12.0,1015.0,22.0,16.0,257.0,13.0,36.0,0.0,0.0,0.0,0.0,0.0,0.0
626,1.0,Mubtaahij,,,,4,10.0,2015-06-06,BEL,0.0,0.0,93.0,13.0,1014.0,21.0,14.0,329.0,14.0,19.0,5.08,1.0,0.0,0.0,0.0,0.0
627,4.0,Frammento,,,,5,30.0,2015-06-06,BEL,0.0,0.0,93.0,13.0,1014.0,21.0,14.0,329.0,14.0,19.0,5.08,1.0,0.0,0.0,0.0,0.0
628,3.0,Madefromlucky,,,,6,12.0,2015-06-06,BEL,0.0,0.0,93.0,13.0,1014.0,21.0,14.0,329.0,14.0,19.0,5.08,1.0,0.0,0.0,0.0,0.0
629,2.0,Tale of Verve,,,,7,15.0,2015-06-06,BEL,0.0,0.0,93.0,13.0,1014.0,21.0,14.0,329.0,14.0,19.0,5.08,1.0,0.0,0.0,0.0,0.0
630,8.0,Materiality,,,,8,6.0,2015-06-06,BEL,0.0,0.0,93.0,13.0,1014.0,21.0,14.0,329.0,14.0,19.0,5.08,1.0,0.0,0.0,0.0,0.0
